"ID","wk_start_date","pcr_positivity_wk","tests","MuniName","Code","province","epi_yr","epi_wk","above_thresh","entered","gold_standard"
1,2020-03-15,0.0166272542799911,114,"Buffalo City","BUF",1,2020,12,FALSE,FALSE,FALSE
1,2020-03-22,0.0132238331918095,127,"Buffalo City","BUF",1,2020,13,FALSE,FALSE,FALSE
1,2020-03-29,0.0519546333201403,110,"Buffalo City","BUF",1,2020,14,FALSE,FALSE,FALSE
1,2020-04-05,0.0922702018701067,899,"Buffalo City","BUF",1,2020,15,FALSE,FALSE,FALSE
1,2020-04-12,0.0154738696624018,2594,"Buffalo City","BUF",1,2020,16,FALSE,FALSE,FALSE
1,2020-04-19,0.00906483626965401,3211,"Buffalo City","BUF",1,2020,17,FALSE,FALSE,TRUE
1,2020-04-26,0.0212204296501274,2717,"Buffalo City","BUF",1,2020,18,FALSE,FALSE,TRUE
1,2020-05-03,0.0790507270139588,4006,"Buffalo City","BUF",1,2020,19,FALSE,FALSE,TRUE
1,2020-05-10,0.0546474142347607,4938,"Buffalo City","BUF",1,2020,20,FALSE,FALSE,TRUE
1,2020-05-17,0.0603750125127821,4489,"Buffalo City","BUF",1,2020,21,FALSE,FALSE,TRUE
1,2020-05-24,0.098595659922278,5183,"Buffalo City","BUF",1,2020,22,FALSE,FALSE,TRUE
1,2020-05-31,0.150513507064978,4413,"Buffalo City","BUF",1,2020,23,TRUE,TRUE,FALSE
1,2020-06-07,0.182989302019948,5469,"Buffalo City","BUF",1,2020,24,TRUE,FALSE,FALSE
1,2020-06-14,0.273589138901222,6591,"Buffalo City","BUF",1,2020,25,TRUE,FALSE,FALSE
1,2020-06-21,0.354500080514595,10028,"Buffalo City","BUF",1,2020,26,TRUE,FALSE,FALSE
1,2020-06-28,0.396493181267273,9934,"Buffalo City","BUF",1,2020,27,TRUE,FALSE,FALSE
1,2020-07-05,0.42591848861557,7993,"Buffalo City","BUF",1,2020,28,TRUE,FALSE,FALSE
1,2020-07-12,0.397108238783818,6259,"Buffalo City","BUF",1,2020,29,TRUE,FALSE,FALSE
1,2020-07-19,0.356325746743628,5227,"Buffalo City","BUF",1,2020,30,TRUE,FALSE,FALSE
1,2020-07-26,0.29487399075764,3772,"Buffalo City","BUF",1,2020,31,TRUE,FALSE,FALSE
1,2020-08-02,0.231797092977551,2842,"Buffalo City","BUF",1,2020,32,TRUE,FALSE,FALSE
1,2020-08-09,0.177120042682225,1912,"Buffalo City","BUF",1,2020,33,TRUE,FALSE,FALSE
1,2020-08-16,0.120948447530809,2421,"Buffalo City","BUF",1,2020,34,TRUE,FALSE,FALSE
1,2020-08-23,0.104032102732418,2055,"Buffalo City","BUF",1,2020,35,TRUE,FALSE,FALSE
1,2020-08-30,0.0696587757032394,1756,"Buffalo City","BUF",1,2020,36,FALSE,FALSE,FALSE
1,2020-09-06,0.0824250172739793,1842,"Buffalo City","BUF",1,2020,37,FALSE,FALSE,FALSE
1,2020-09-13,0.0616282217781397,2064,"Buffalo City","BUF",1,2020,38,FALSE,FALSE,TRUE
1,2020-09-20,0.0341843153906519,1402,"Buffalo City","BUF",1,2020,39,FALSE,FALSE,TRUE
1,2020-09-27,0.05979450780771,2227,"Buffalo City","BUF",1,2020,40,FALSE,FALSE,TRUE
1,2020-10-04,0.0601257396457138,2236,"Buffalo City","BUF",1,2020,41,FALSE,FALSE,TRUE
1,2020-10-11,0.0588195599610583,2275,"Buffalo City","BUF",1,2020,42,FALSE,FALSE,TRUE
1,2020-10-18,0.064960761431722,3045,"Buffalo City","BUF",1,2020,43,FALSE,FALSE,TRUE
1,2020-10-25,0.121915054020154,2825,"Buffalo City","BUF",1,2020,44,TRUE,TRUE,FALSE
1,2020-11-01,0.134820172826366,2724,"Buffalo City","BUF",1,2020,45,TRUE,FALSE,FALSE
1,2020-11-08,0.176393145392129,3777,"Buffalo City","BUF",1,2020,46,TRUE,FALSE,FALSE
1,2020-11-15,0.267955124767873,5139,"Buffalo City","BUF",1,2020,47,TRUE,FALSE,FALSE
1,2020-11-22,0.288996279583529,7104,"Buffalo City","BUF",1,2020,48,TRUE,FALSE,FALSE
1,2020-11-29,0.344662457787258,7413,"Buffalo City","BUF",1,2020,49,TRUE,FALSE,FALSE
1,2020-12-06,0.353312198912353,8177,"Buffalo City","BUF",1,2020,50,TRUE,FALSE,FALSE
1,2020-12-13,0.34568960197007,7083,"Buffalo City","BUF",1,2020,51,TRUE,FALSE,FALSE
1,2020-12-20,0.341973842298087,5172,"Buffalo City","BUF",1,2020,52,TRUE,FALSE,FALSE
1,2020-12-27,0.339051466401278,5017,"Buffalo City","BUF",1,2020,53,TRUE,FALSE,FALSE
1,2021-01-03,0.276367504494721,6893,"Buffalo City","BUF",1,2021,1,TRUE,FALSE,FALSE
1,2021-01-10,0.210509980176368,5354,"Buffalo City","BUF",1,2021,2,TRUE,FALSE,FALSE
1,2021-01-17,0.142701596477725,3652,"Buffalo City","BUF",1,2021,3,TRUE,FALSE,FALSE
1,2021-01-24,0.096511475210628,2912,"Buffalo City","BUF",1,2021,4,FALSE,FALSE,FALSE
1,2021-01-31,0.0749269503607857,2396,"Buffalo City","BUF",1,2021,5,FALSE,FALSE,FALSE
1,2021-02-07,0.0677338660944229,2257,"Buffalo City","BUF",1,2021,6,FALSE,FALSE,FALSE
1,2021-02-14,0.0480025071472089,2188,"Buffalo City","BUF",1,2021,7,FALSE,FALSE,FALSE
1,2021-02-21,0.0307968344355942,2152,"Buffalo City","BUF",1,2021,8,FALSE,FALSE,FALSE
1,2021-02-28,0.024643500085393,2112,"Buffalo City","BUF",1,2021,9,FALSE,FALSE,FALSE
1,2021-03-07,0.0260290570642985,2081,"Buffalo City","BUF",1,2021,10,FALSE,FALSE,FALSE
1,2021-03-14,0.0244169710585405,1997,"Buffalo City","BUF",1,2021,11,FALSE,FALSE,FALSE
1,2021-03-21,0.0166242241945912,2020,"Buffalo City","BUF",1,2021,12,FALSE,FALSE,FALSE
1,2021-03-28,0.0196299849230841,1834,"Buffalo City","BUF",1,2021,13,FALSE,FALSE,FALSE
1,2021-04-04,0.0250508586924772,1911,"Buffalo City","BUF",1,2021,14,FALSE,FALSE,FALSE
1,2021-04-11,0.015220997611188,1891,"Buffalo City","BUF",1,2021,15,FALSE,FALSE,FALSE
1,2021-04-18,0.0169415335261617,1879,"Buffalo City","BUF",1,2021,16,FALSE,FALSE,FALSE
1,2021-04-25,0.0158514582223073,1601,"Buffalo City","BUF",1,2021,17,FALSE,FALSE,FALSE
1,2021-05-02,0.0147302811771763,1910,"Buffalo City","BUF",1,2021,18,FALSE,FALSE,FALSE
1,2021-05-09,0.0219346515625992,2083,"Buffalo City","BUF",1,2021,19,FALSE,FALSE,FALSE
1,2021-05-16,0.0187548720925887,2090,"Buffalo City","BUF",1,2021,20,FALSE,FALSE,TRUE
1,2021-05-23,0.0319055687810958,2089,"Buffalo City","BUF",1,2021,21,FALSE,FALSE,TRUE
1,2021-05-30,0.0423745127201562,2600,"Buffalo City","BUF",1,2021,22,FALSE,FALSE,TRUE
1,2021-06-06,0.0592697475858137,3006,"Buffalo City","BUF",1,2021,23,FALSE,FALSE,TRUE
1,2021-06-13,0.0833067341622256,3320,"Buffalo City","BUF",1,2021,24,FALSE,FALSE,TRUE
1,2021-06-20,0.0912489743128611,3868,"Buffalo City","BUF",1,2021,25,FALSE,FALSE,TRUE
1,2021-06-27,0.120470210653905,3441,"Buffalo City","BUF",1,2021,26,TRUE,TRUE,FALSE
1,2021-07-04,0.14624384645787,3703,"Buffalo City","BUF",1,2021,27,TRUE,FALSE,FALSE
1,2021-07-11,0.145646718896166,3190,"Buffalo City","BUF",1,2021,28,TRUE,FALSE,FALSE
1,2021-07-18,0.181850606593462,3238,"Buffalo City","BUF",1,2021,29,TRUE,FALSE,FALSE
1,2021-07-25,0.186493208593081,3552,"Buffalo City","BUF",1,2021,30,TRUE,FALSE,FALSE
1,2021-08-01,0.195144152588926,4110,"Buffalo City","BUF",1,2021,31,TRUE,FALSE,FALSE
1,2021-08-08,0.222954342856022,4358,"Buffalo City","BUF",1,2021,32,TRUE,FALSE,FALSE
1,2021-08-15,0.265244291246508,7363,"Buffalo City","BUF",1,2021,33,TRUE,FALSE,FALSE
1,2021-08-22,0.275813205658421,8194,"Buffalo City","BUF",1,2021,34,TRUE,FALSE,FALSE
1,2021-08-29,0.272291628948959,6806,"Buffalo City","BUF",1,2021,35,TRUE,FALSE,FALSE
1,2021-09-05,0.275650867832489,6075,"Buffalo City","BUF",1,2021,36,TRUE,FALSE,FALSE
1,2021-09-12,0.178945102173437,4946,"Buffalo City","BUF",1,2021,37,TRUE,FALSE,FALSE
1,2021-09-19,0.140997118083642,3158,"Buffalo City","BUF",1,2021,38,TRUE,FALSE,FALSE
1,2021-09-26,0.0978473449047298,2972,"Buffalo City","BUF",1,2021,39,FALSE,FALSE,FALSE
1,2021-10-03,0.0688478941373281,2458,"Buffalo City","BUF",1,2021,40,FALSE,FALSE,FALSE
1,2021-10-10,0.0476482694646592,2344,"Buffalo City","BUF",1,2021,41,FALSE,FALSE,FALSE
1,2021-10-17,0.0192117749404598,2232,"Buffalo City","BUF",1,2021,42,FALSE,FALSE,TRUE
1,2021-10-24,0.0312160425051421,1992,"Buffalo City","BUF",1,2021,43,FALSE,FALSE,TRUE
1,2021-10-31,0.0254168715379477,1996,"Buffalo City","BUF",1,2021,44,FALSE,FALSE,TRUE
1,2021-11-07,0.00622051422565292,2550,"Buffalo City","BUF",1,2021,45,FALSE,FALSE,TRUE
1,2021-11-14,0.00647620935781116,3402,"Buffalo City","BUF",1,2021,46,FALSE,FALSE,TRUE
1,2021-11-21,0.010084178325361,3177,"Buffalo City","BUF",1,2021,47,FALSE,FALSE,TRUE
1,2021-11-28,0.117104009362039,3916,"Buffalo City","BUF",1,2021,48,TRUE,TRUE,FALSE
1,2021-12-05,0.376380582143993,6888,"Buffalo City","BUF",1,2021,49,TRUE,FALSE,FALSE
1,2021-12-12,0.488967625379597,7430,"Buffalo City","BUF",1,2021,50,TRUE,FALSE,TRUE
1,2021-12-19,0.502572814749,5234,"Buffalo City","BUF",1,2021,51,TRUE,FALSE,TRUE
1,2021-12-26,0.408906592043702,3276,"Buffalo City","BUF",1,2021,52,TRUE,FALSE,TRUE
1,2022-01-02,0.304218745908154,3461,"Buffalo City","BUF",1,2022,1,TRUE,FALSE,TRUE
1,2022-01-09,0.203731135897266,2592,"Buffalo City","BUF",1,2022,2,TRUE,FALSE,TRUE
1,2022-01-16,0.0986946936345263,2225,"Buffalo City","BUF",1,2022,3,FALSE,FALSE,TRUE
1,2022-01-23,0.103537945162221,2064,"Buffalo City","BUF",1,2022,4,TRUE,TRUE,FALSE
1,2022-01-30,0.0634000132265668,2000,"Buffalo City","BUF",1,2022,5,FALSE,FALSE,FALSE
62,2020-03-15,0.020579197475996,294,"Mogale City","GT481",3,2020,12,FALSE,FALSE,FALSE
62,2020-03-22,0.0253617106103914,253,"Mogale City","GT481",3,2020,13,FALSE,FALSE,FALSE
62,2020-03-29,0.00494484984365721,186,"Mogale City","GT481",3,2020,14,FALSE,FALSE,FALSE
62,2020-04-05,0.0218237407068056,257,"Mogale City","GT481",3,2020,15,FALSE,FALSE,FALSE
62,2020-04-12,0.014959199243603,264,"Mogale City","GT481",3,2020,16,FALSE,FALSE,FALSE
62,2020-04-19,0.00577988871754336,1483,"Mogale City","GT481",3,2020,17,FALSE,FALSE,FALSE
62,2020-04-26,0.00689562374116277,760,"Mogale City","GT481",3,2020,18,FALSE,FALSE,TRUE
62,2020-05-03,0.00274283372909004,1848,"Mogale City","GT481",3,2020,19,FALSE,FALSE,TRUE
62,2020-05-10,0.00347733598433995,6165,"Mogale City","GT481",3,2020,20,FALSE,FALSE,TRUE
62,2020-05-17,0.013377442039343,2889,"Mogale City","GT481",3,2020,21,FALSE,FALSE,TRUE
62,2020-05-24,0.0264040105600534,1506,"Mogale City","GT481",3,2020,22,FALSE,FALSE,TRUE
62,2020-05-31,0.062992804847488,1915,"Mogale City","GT481",3,2020,23,FALSE,FALSE,TRUE
62,2020-06-07,0.102331254728025,2184,"Mogale City","GT481",3,2020,24,TRUE,TRUE,FALSE
62,2020-06-14,0.162743495962298,2811,"Mogale City","GT481",3,2020,25,TRUE,FALSE,FALSE
62,2020-06-21,0.22901119946337,3955,"Mogale City","GT481",3,2020,26,TRUE,FALSE,FALSE
62,2020-06-28,0.31247474030906,4452,"Mogale City","GT481",3,2020,27,TRUE,FALSE,FALSE
62,2020-07-05,0.341309343338421,3899,"Mogale City","GT481",3,2020,28,TRUE,FALSE,FALSE
62,2020-07-12,0.343504611529761,3543,"Mogale City","GT481",3,2020,29,TRUE,FALSE,FALSE
62,2020-07-19,0.313546100855609,2637,"Mogale City","GT481",3,2020,30,TRUE,FALSE,FALSE
62,2020-07-26,0.275661515192993,1903,"Mogale City","GT481",3,2020,31,TRUE,FALSE,FALSE
62,2020-08-02,0.216726501042981,1615,"Mogale City","GT481",3,2020,32,TRUE,FALSE,FALSE
62,2020-08-09,0.155385413351406,1289,"Mogale City","GT481",3,2020,33,TRUE,FALSE,FALSE
62,2020-08-16,0.157490146302058,1118,"Mogale City","GT481",3,2020,34,TRUE,FALSE,FALSE
62,2020-08-23,0.105704885471757,1148,"Mogale City","GT481",3,2020,35,TRUE,FALSE,FALSE
62,2020-08-30,0.105792709410254,1095,"Mogale City","GT481",3,2020,36,TRUE,FALSE,FALSE
62,2020-09-06,0.0764255775742433,1107,"Mogale City","GT481",3,2020,37,FALSE,FALSE,FALSE
62,2020-09-13,0.0693170610217796,1016,"Mogale City","GT481",3,2020,38,FALSE,FALSE,FALSE
62,2020-09-20,0.0472929024559225,762,"Mogale City","GT481",3,2020,39,FALSE,FALSE,FALSE
62,2020-09-27,0.043325908120824,975,"Mogale City","GT481",3,2020,40,FALSE,FALSE,FALSE
62,2020-10-04,0.048494225891271,1056,"Mogale City","GT481",3,2020,41,FALSE,FALSE,FALSE
62,2020-10-11,0.0470662519927477,1038,"Mogale City","GT481",3,2020,42,FALSE,FALSE,FALSE
62,2020-10-18,0.040010366033647,1134,"Mogale City","GT481",3,2020,43,FALSE,FALSE,FALSE
62,2020-10-25,0.0518566296718514,1069,"Mogale City","GT481",3,2020,44,FALSE,FALSE,TRUE
62,2020-11-01,0.0355468957733136,1086,"Mogale City","GT481",3,2020,45,FALSE,FALSE,TRUE
62,2020-11-08,0.0775744037326665,1231,"Mogale City","GT481",3,2020,46,FALSE,FALSE,TRUE
62,2020-11-15,0.0670227131708907,1197,"Mogale City","GT481",3,2020,47,FALSE,FALSE,TRUE
62,2020-11-22,0.071409070908841,1348,"Mogale City","GT481",3,2020,48,FALSE,FALSE,TRUE
62,2020-11-29,0.0997022580868485,1610,"Mogale City","GT481",3,2020,49,FALSE,FALSE,TRUE
62,2020-12-06,0.147237146183778,2115,"Mogale City","GT481",3,2020,50,TRUE,TRUE,FALSE
62,2020-12-13,0.207920104545294,2433,"Mogale City","GT481",3,2020,51,TRUE,FALSE,FALSE
62,2020-12-20,0.254350759131405,2218,"Mogale City","GT481",3,2020,52,TRUE,FALSE,TRUE
62,2020-12-27,0.302704131450776,2486,"Mogale City","GT481",3,2020,53,TRUE,FALSE,TRUE
62,2021-01-03,0.245392058767658,3190,"Mogale City","GT481",3,2021,1,TRUE,FALSE,TRUE
62,2021-01-10,0.208254728481706,2895,"Mogale City","GT481",3,2021,2,TRUE,FALSE,TRUE
62,2021-01-17,0.146714675916169,2447,"Mogale City","GT481",3,2021,3,TRUE,FALSE,TRUE
62,2021-01-24,0.0928204801882779,1860,"Mogale City","GT481",3,2021,4,FALSE,FALSE,TRUE
62,2021-01-31,0.111108353778478,1629,"Mogale City","GT481",3,2021,5,TRUE,TRUE,FALSE
62,2021-02-07,0.0837212962784832,1719,"Mogale City","GT481",3,2021,6,FALSE,FALSE,FALSE
62,2021-02-14,0.059334020163162,1832,"Mogale City","GT481",3,2021,7,FALSE,FALSE,FALSE
62,2021-02-21,0.0471556936758058,1753,"Mogale City","GT481",3,2021,8,FALSE,FALSE,FALSE
62,2021-02-28,0.0460518751012892,1803,"Mogale City","GT481",3,2021,9,FALSE,FALSE,FALSE
62,2021-03-07,0.0279992924506522,1804,"Mogale City","GT481",3,2021,10,FALSE,FALSE,FALSE
62,2021-03-14,0.0331921633350833,1630,"Mogale City","GT481",3,2021,11,FALSE,FALSE,FALSE
62,2021-03-21,0.0255808126196612,1431,"Mogale City","GT481",3,2021,12,FALSE,FALSE,FALSE
62,2021-03-28,0.0298961448464075,1675,"Mogale City","GT481",3,2021,13,FALSE,FALSE,FALSE
62,2021-04-04,0.0330958213718839,1457,"Mogale City","GT481",3,2021,14,FALSE,FALSE,TRUE
62,2021-04-11,0.0384739711164982,1641,"Mogale City","GT481",3,2021,15,FALSE,FALSE,TRUE
62,2021-04-18,0.0340824008703367,1656,"Mogale City","GT481",3,2021,16,FALSE,FALSE,TRUE
62,2021-04-25,0.0312689079424732,1432,"Mogale City","GT481",3,2021,17,FALSE,FALSE,TRUE
62,2021-05-02,0.0519580429639957,1782,"Mogale City","GT481",3,2021,18,FALSE,FALSE,TRUE
62,2021-05-09,0.0749960416158184,2021,"Mogale City","GT481",3,2021,19,FALSE,FALSE,TRUE
62,2021-05-16,0.149182769278141,2606,"Mogale City","GT481",3,2021,20,TRUE,TRUE,FALSE
62,2021-05-23,0.144663921765579,2667,"Mogale City","GT481",3,2021,21,TRUE,FALSE,FALSE
62,2021-05-30,0.208037146063437,3317,"Mogale City","GT481",3,2021,22,TRUE,FALSE,FALSE
62,2021-06-06,0.33996389762981,4540,"Mogale City","GT481",3,2021,23,TRUE,FALSE,FALSE
62,2021-06-13,0.405930706363487,6214,"Mogale City","GT481",3,2021,24,TRUE,FALSE,FALSE
62,2021-06-20,0.386773617747085,6913,"Mogale City","GT481",3,2021,25,TRUE,FALSE,FALSE
62,2021-06-27,0.402087406674075,5924,"Mogale City","GT481",3,2021,26,TRUE,FALSE,FALSE
62,2021-07-04,0.373703290185597,4927,"Mogale City","GT481",3,2021,27,TRUE,FALSE,FALSE
62,2021-07-11,0.326331426415348,3149,"Mogale City","GT481",3,2021,28,TRUE,FALSE,FALSE
62,2021-07-18,0.229078307406991,2481,"Mogale City","GT481",3,2021,29,TRUE,FALSE,FALSE
62,2021-07-25,0.179456976314251,2466,"Mogale City","GT481",3,2021,30,TRUE,FALSE,FALSE
62,2021-08-01,0.157584199785195,2249,"Mogale City","GT481",3,2021,31,TRUE,FALSE,FALSE
62,2021-08-08,0.128551976526771,1917,"Mogale City","GT481",3,2021,32,TRUE,FALSE,FALSE
62,2021-08-15,0.0979075613822586,1976,"Mogale City","GT481",3,2021,33,FALSE,FALSE,FALSE
62,2021-08-22,0.0665184050593481,1611,"Mogale City","GT481",3,2021,34,FALSE,FALSE,FALSE
62,2021-08-29,0.0457068262604751,1675,"Mogale City","GT481",3,2021,35,FALSE,FALSE,FALSE
62,2021-09-05,0.0404544672461349,1586,"Mogale City","GT481",3,2021,36,FALSE,FALSE,FALSE
62,2021-09-12,0.0254956190382438,1649,"Mogale City","GT481",3,2021,37,FALSE,FALSE,FALSE
62,2021-09-19,0.0238259836587986,1379,"Mogale City","GT481",3,2021,38,FALSE,FALSE,FALSE
62,2021-09-26,0.0187920012893168,1541,"Mogale City","GT481",3,2021,39,FALSE,FALSE,FALSE
62,2021-10-03,0.0172496319244997,1334,"Mogale City","GT481",3,2021,40,FALSE,FALSE,FALSE
62,2021-10-10,0.0105916125842345,1220,"Mogale City","GT481",3,2021,41,FALSE,FALSE,FALSE
62,2021-10-17,0.00816558712157105,1201,"Mogale City","GT481",3,2021,42,FALSE,FALSE,TRUE
62,2021-10-24,0.0104295995696872,1226,"Mogale City","GT481",3,2021,43,FALSE,FALSE,TRUE
62,2021-10-31,0.00442907673045996,1113,"Mogale City","GT481",3,2021,44,FALSE,FALSE,TRUE
62,2021-11-07,0.00883976742878156,1222,"Mogale City","GT481",3,2021,45,FALSE,FALSE,TRUE
62,2021-11-14,0.00511513579758458,1123,"Mogale City","GT481",3,2021,46,FALSE,FALSE,TRUE
62,2021-11-21,0.0630385125026061,1309,"Mogale City","GT481",3,2021,47,FALSE,FALSE,TRUE
62,2021-11-28,0.279102330704755,2634,"Mogale City","GT481",3,2021,48,TRUE,TRUE,FALSE
62,2021-12-05,0.36168353530102,3801,"Mogale City","GT481",3,2021,49,TRUE,FALSE,FALSE
62,2021-12-12,0.282983486687129,2996,"Mogale City","GT481",3,2021,50,TRUE,FALSE,TRUE
62,2021-12-19,0.212042160206863,1717,"Mogale City","GT481",3,2021,51,TRUE,FALSE,TRUE
62,2021-12-26,0.188619390983893,1246,"Mogale City","GT481",3,2021,52,TRUE,FALSE,TRUE
62,2022-01-02,0.153001263357336,1651,"Mogale City","GT481",3,2022,1,TRUE,FALSE,NA
62,2022-01-09,0.106594439848268,1550,"Mogale City","GT481",3,2022,2,TRUE,FALSE,NA
62,2022-01-16,0.0928459191093065,1654,"Mogale City","GT481",3,2022,3,FALSE,FALSE,NA
62,2022-01-23,0.135396510855909,1930,"Mogale City","GT481",3,2022,4,TRUE,TRUE,NA
62,2022-01-30,0.120212960208884,1603,"Mogale City","GT481",3,2022,5,TRUE,FALSE,NA
74,2020-03-15,NA,NA,"Mpofana","KZN223",4,2020,12,NA,FALSE,NA
74,2020-03-22,NA,NA,"Mpofana","KZN223",4,2020,13,NA,NA,NA
74,2020-03-29,NA,NA,"Mpofana","KZN223",4,2020,14,NA,NA,NA
74,2020-04-05,NA,NA,"Mpofana","KZN223",4,2020,15,NA,NA,NA
74,2020-04-12,NA,NA,"Mpofana","KZN223",4,2020,16,NA,NA,NA
74,2020-04-19,NA,NA,"Mpofana","KZN223",4,2020,17,NA,NA,NA
74,2020-04-26,0.0257019963371143,35,"Mpofana","KZN223",4,2020,18,FALSE,NA,NA
74,2020-05-03,NA,NA,"Mpofana","KZN223",4,2020,19,NA,NA,NA
74,2020-05-10,NA,NA,"Mpofana","KZN223",4,2020,20,NA,NA,NA
74,2020-05-17,NA,NA,"Mpofana","KZN223",4,2020,21,NA,NA,NA
74,2020-05-24,NA,NA,"Mpofana","KZN223",4,2020,22,NA,NA,NA
74,2020-05-31,NA,NA,"Mpofana","KZN223",4,2020,23,NA,NA,NA
74,2020-06-07,NA,NA,"Mpofana","KZN223",4,2020,24,NA,NA,NA
74,2020-06-14,NA,NA,"Mpofana","KZN223",4,2020,25,NA,NA,NA
74,2020-06-21,NA,NA,"Mpofana","KZN223",4,2020,26,NA,NA,NA
74,2020-06-28,NA,NA,"Mpofana","KZN223",4,2020,27,NA,NA,NA
74,2020-07-05,0.327153478392504,60,"Mpofana","KZN223",4,2020,28,TRUE,NA,NA
74,2020-07-12,0.30820634387183,136,"Mpofana","KZN223",4,2020,29,TRUE,FALSE,NA
74,2020-07-19,0.393639357675299,96,"Mpofana","KZN223",4,2020,30,TRUE,FALSE,NA
74,2020-07-26,NA,NA,"Mpofana","KZN223",4,2020,31,NA,NA,NA
74,2020-08-02,0.144013712026485,21,"Mpofana","KZN223",4,2020,32,TRUE,NA,NA
74,2020-08-09,NA,NA,"Mpofana","KZN223",4,2020,33,NA,NA,NA
74,2020-08-16,NA,NA,"Mpofana","KZN223",4,2020,34,NA,NA,NA
74,2020-08-23,NA,NA,"Mpofana","KZN223",4,2020,35,NA,NA,NA
74,2020-08-30,NA,NA,"Mpofana","KZN223",4,2020,36,NA,NA,NA
74,2020-09-06,NA,NA,"Mpofana","KZN223",4,2020,37,NA,NA,NA
74,2020-09-13,NA,NA,"Mpofana","KZN223",4,2020,38,NA,NA,NA
74,2020-09-20,NA,NA,"Mpofana","KZN223",4,2020,39,NA,NA,NA
74,2020-09-27,NA,NA,"Mpofana","KZN223",4,2020,40,NA,NA,NA
74,2020-10-04,NA,NA,"Mpofana","KZN223",4,2020,41,NA,NA,NA
74,2020-10-11,NA,NA,"Mpofana","KZN223",4,2020,42,NA,NA,NA
74,2020-10-18,0.0426632343114941,22,"Mpofana","KZN223",4,2020,43,FALSE,NA,NA
74,2020-10-25,NA,NA,"Mpofana","KZN223",4,2020,44,NA,NA,NA
74,2020-11-01,NA,NA,"Mpofana","KZN223",4,2020,45,NA,NA,NA
74,2020-11-08,0.0202075085761756,50,"Mpofana","KZN223",4,2020,46,FALSE,NA,NA
74,2020-11-15,NA,NA,"Mpofana","KZN223",4,2020,47,NA,NA,NA
74,2020-11-22,0.0195916572887953,53,"Mpofana","KZN223",4,2020,48,FALSE,NA,TRUE
74,2020-11-29,0.0334043630493548,34,"Mpofana","KZN223",4,2020,49,FALSE,FALSE,TRUE
74,2020-12-06,0.214792442194764,108,"Mpofana","KZN223",4,2020,50,TRUE,TRUE,FALSE
74,2020-12-13,0.193754962690066,94,"Mpofana","KZN223",4,2020,51,TRUE,FALSE,FALSE
74,2020-12-20,0.278706252343505,90,"Mpofana","KZN223",4,2020,52,TRUE,FALSE,FALSE
74,2020-12-27,0.476050884187078,248,"Mpofana","KZN223",4,2020,53,TRUE,FALSE,FALSE
74,2021-01-03,0.411230670869029,272,"Mpofana","KZN223",4,2021,1,TRUE,FALSE,FALSE
74,2021-01-10,0.224595524208692,238,"Mpofana","KZN223",4,2021,2,TRUE,FALSE,FALSE
74,2021-01-17,0.263977460709673,188,"Mpofana","KZN223",4,2021,3,TRUE,FALSE,FALSE
74,2021-01-24,0.271179897883576,258,"Mpofana","KZN223",4,2021,4,TRUE,FALSE,NA
74,2021-01-31,0.176287189102322,108,"Mpofana","KZN223",4,2021,5,TRUE,FALSE,NA
74,2021-02-07,0.0765883137988188,128,"Mpofana","KZN223",4,2021,6,FALSE,FALSE,NA
74,2021-02-14,0.0825496477951773,52,"Mpofana","KZN223",4,2021,7,FALSE,FALSE,NA
74,2021-02-21,0.0395636664602491,79,"Mpofana","KZN223",4,2021,8,FALSE,FALSE,NA
74,2021-02-28,0.0264821007687379,79,"Mpofana","KZN223",4,2021,9,FALSE,FALSE,NA
74,2021-03-07,NA,NA,"Mpofana","KZN223",4,2021,10,NA,NA,NA
74,2021-03-14,NA,NA,"Mpofana","KZN223",4,2021,11,NA,NA,NA
74,2021-03-21,0.0159162009114112,67,"Mpofana","KZN223",4,2021,12,FALSE,NA,NA
74,2021-03-28,0.0207245158050295,58,"Mpofana","KZN223",4,2021,13,FALSE,FALSE,NA
74,2021-04-04,0.0136238506693012,77,"Mpofana","KZN223",4,2021,14,FALSE,FALSE,NA
74,2021-04-11,0.0190512827160153,111,"Mpofana","KZN223",4,2021,15,FALSE,FALSE,NA
74,2021-04-18,NA,NA,"Mpofana","KZN223",4,2021,16,NA,NA,NA
74,2021-04-25,0.0296986732543759,40,"Mpofana","KZN223",4,2021,17,FALSE,NA,NA
74,2021-05-02,0.0111824238128341,93,"Mpofana","KZN223",4,2021,18,FALSE,FALSE,NA
74,2021-05-09,NA,NA,"Mpofana","KZN223",4,2021,19,NA,NA,NA
74,2021-05-16,NA,NA,"Mpofana","KZN223",4,2021,20,NA,NA,NA
74,2021-05-23,0.0292452612288116,83,"Mpofana","KZN223",4,2021,21,FALSE,NA,TRUE
74,2021-05-30,0.0338912912549329,69,"Mpofana","KZN223",4,2021,22,FALSE,FALSE,TRUE
74,2021-06-06,0.0671461733652463,67,"Mpofana","KZN223",4,2021,23,FALSE,FALSE,TRUE
74,2021-06-13,0.126240787942448,140,"Mpofana","KZN223",4,2021,24,TRUE,TRUE,FALSE
74,2021-06-20,0.104995342484028,166,"Mpofana","KZN223",4,2021,25,TRUE,FALSE,FALSE
74,2021-06-27,0.259654184236575,180,"Mpofana","KZN223",4,2021,26,TRUE,FALSE,FALSE
74,2021-07-04,0.38899188624851,240,"Mpofana","KZN223",4,2021,27,TRUE,FALSE,FALSE
74,2021-07-11,0.392518802980192,56,"Mpofana","KZN223",4,2021,28,TRUE,FALSE,FALSE
74,2021-07-18,0.41081789052107,255,"Mpofana","KZN223",4,2021,29,TRUE,FALSE,FALSE
74,2021-07-25,0.422189311711829,249,"Mpofana","KZN223",4,2021,30,TRUE,FALSE,FALSE
74,2021-08-01,0.397686980299939,277,"Mpofana","KZN223",4,2021,31,TRUE,FALSE,FALSE
74,2021-08-08,0.313166687673989,218,"Mpofana","KZN223",4,2021,32,TRUE,FALSE,FALSE
74,2021-08-15,0.388241448754475,245,"Mpofana","KZN223",4,2021,33,TRUE,FALSE,FALSE
74,2021-08-22,0.272612232758592,282,"Mpofana","KZN223",4,2021,34,TRUE,FALSE,FALSE
74,2021-08-29,0.253985272177121,181,"Mpofana","KZN223",4,2021,35,TRUE,FALSE,FALSE
74,2021-09-05,0.180670687684358,136,"Mpofana","KZN223",4,2021,36,TRUE,FALSE,FALSE
74,2021-09-12,0.122060365958264,136,"Mpofana","KZN223",4,2021,37,TRUE,FALSE,NA
74,2021-09-19,0.15634695161495,70,"Mpofana","KZN223",4,2021,38,TRUE,FALSE,NA
74,2021-09-26,0.0997207015894808,106,"Mpofana","KZN223",4,2021,39,FALSE,FALSE,NA
74,2021-10-03,0.0776883811434943,88,"Mpofana","KZN223",4,2021,40,FALSE,FALSE,NA
74,2021-10-10,0.0136175941922468,71,"Mpofana","KZN223",4,2021,41,FALSE,FALSE,NA
74,2021-10-17,0.0220551132240332,95,"Mpofana","KZN223",4,2021,42,FALSE,FALSE,NA
74,2021-10-24,NA,NA,"Mpofana","KZN223",4,2021,43,NA,NA,NA
74,2021-10-31,0.0176908458152506,171,"Mpofana","KZN223",4,2021,44,FALSE,NA,NA
74,2021-11-07,NA,NA,"Mpofana","KZN223",4,2021,45,NA,NA,NA
74,2021-11-14,0.00631937099207017,142,"Mpofana","KZN223",4,2021,46,FALSE,NA,NA
74,2021-11-21,NA,NA,"Mpofana","KZN223",4,2021,47,NA,NA,NA
74,2021-11-28,0.0547111437599027,53,"Mpofana","KZN223",4,2021,48,FALSE,NA,TRUE
74,2021-12-05,0.390874672781961,54,"Mpofana","KZN223",4,2021,49,TRUE,TRUE,FALSE
74,2021-12-12,0.576428050484946,148,"Mpofana","KZN223",4,2021,50,TRUE,FALSE,FALSE
74,2021-12-19,0.490734152783764,86,"Mpofana","KZN223",4,2021,51,TRUE,FALSE,FALSE
74,2021-12-26,0.712505904420805,55,"Mpofana","KZN223",4,2021,52,TRUE,FALSE,FALSE
74,2022-01-02,0.471453411531964,88,"Mpofana","KZN223",4,2022,1,TRUE,FALSE,FALSE
74,2022-01-09,0.191595050418578,77,"Mpofana","KZN223",4,2022,2,TRUE,FALSE,FALSE
74,2022-01-16,0.0386118992184037,24,"Mpofana","KZN223",4,2022,3,FALSE,FALSE,FALSE
74,2022-01-23,0.0705602835240865,37,"Mpofana","KZN223",4,2022,4,FALSE,FALSE,FALSE
74,2022-01-30,0.0840341112406554,43,"Mpofana","KZN223",4,2022,5,FALSE,FALSE,FALSE
128,2020-03-15,0.0114304754985381,175,"Polokwane","LIM354",5,2020,12,FALSE,FALSE,FALSE
128,2020-03-22,0.00563933895519444,159,"Polokwane","LIM354",5,2020,13,FALSE,FALSE,FALSE
128,2020-03-29,0.00893218520173708,112,"Polokwane","LIM354",5,2020,14,FALSE,FALSE,FALSE
128,2020-04-05,0.00459466599375469,417,"Polokwane","LIM354",5,2020,15,FALSE,FALSE,FALSE
128,2020-04-12,0.0104612373013842,364,"Polokwane","LIM354",5,2020,16,FALSE,FALSE,FALSE
128,2020-04-19,0.0024652209954899,393,"Polokwane","LIM354",5,2020,17,FALSE,FALSE,FALSE
128,2020-04-26,0.0121535835839249,328,"Polokwane","LIM354",5,2020,18,FALSE,FALSE,FALSE
128,2020-05-03,0.00653252159587157,635,"Polokwane","LIM354",5,2020,19,FALSE,FALSE,FALSE
128,2020-05-10,0.00354316624970858,577,"Polokwane","LIM354",5,2020,20,FALSE,FALSE,FALSE
128,2020-05-17,0.0101578485389978,689,"Polokwane","LIM354",5,2020,21,FALSE,FALSE,TRUE
128,2020-05-24,0.00751135359224514,806,"Polokwane","LIM354",5,2020,22,FALSE,FALSE,TRUE
128,2020-05-31,0.017654196660861,736,"Polokwane","LIM354",5,2020,23,FALSE,FALSE,TRUE
128,2020-06-07,0.0339563164307008,827,"Polokwane","LIM354",5,2020,24,FALSE,FALSE,TRUE
128,2020-06-14,0.0552062083534418,904,"Polokwane","LIM354",5,2020,25,FALSE,FALSE,TRUE
128,2020-06-21,0.0995322856198609,1461,"Polokwane","LIM354",5,2020,26,FALSE,FALSE,TRUE
128,2020-06-28,0.144864955821661,1901,"Polokwane","LIM354",5,2020,27,TRUE,TRUE,FALSE
128,2020-07-05,0.17416265719842,2418,"Polokwane","LIM354",5,2020,28,TRUE,FALSE,FALSE
128,2020-07-12,0.216387923488874,3124,"Polokwane","LIM354",5,2020,29,TRUE,FALSE,FALSE
128,2020-07-19,0.224413329164636,3010,"Polokwane","LIM354",5,2020,30,TRUE,FALSE,FALSE
128,2020-07-26,0.224494535034228,2519,"Polokwane","LIM354",5,2020,31,TRUE,FALSE,FALSE
128,2020-08-02,0.230384479128904,2159,"Polokwane","LIM354",5,2020,32,TRUE,FALSE,FALSE
128,2020-08-09,0.187250193104744,2037,"Polokwane","LIM354",5,2020,33,TRUE,FALSE,FALSE
128,2020-08-16,0.176685296192347,1893,"Polokwane","LIM354",5,2020,34,TRUE,FALSE,FALSE
128,2020-08-23,0.140355220235468,1601,"Polokwane","LIM354",5,2020,35,TRUE,FALSE,FALSE
128,2020-08-30,0.157995261748036,1434,"Polokwane","LIM354",5,2020,36,TRUE,FALSE,FALSE
128,2020-09-06,0.116779687539598,1456,"Polokwane","LIM354",5,2020,37,TRUE,FALSE,FALSE
128,2020-09-13,0.141390755223468,1457,"Polokwane","LIM354",5,2020,38,TRUE,FALSE,FALSE
128,2020-09-20,0.178139479447441,1261,"Polokwane","LIM354",5,2020,39,TRUE,FALSE,FALSE
128,2020-09-27,0.138775465840347,1466,"Polokwane","LIM354",5,2020,40,TRUE,FALSE,FALSE
128,2020-10-04,0.111443449224279,1545,"Polokwane","LIM354",5,2020,41,TRUE,FALSE,FALSE
128,2020-10-11,0.0999543975730688,1294,"Polokwane","LIM354",5,2020,42,FALSE,FALSE,FALSE
128,2020-10-18,0.0683519301267096,1344,"Polokwane","LIM354",5,2020,43,FALSE,FALSE,FALSE
128,2020-10-25,0.0923115562557004,1195,"Polokwane","LIM354",5,2020,44,FALSE,FALSE,TRUE
128,2020-11-01,0.0799389118235363,1162,"Polokwane","LIM354",5,2020,45,FALSE,FALSE,TRUE
128,2020-11-08,0.0597317394550327,990,"Polokwane","LIM354",5,2020,46,FALSE,FALSE,TRUE
128,2020-11-15,0.0476247132239549,869,"Polokwane","LIM354",5,2020,47,FALSE,FALSE,TRUE
128,2020-11-22,0.0529965301465773,944,"Polokwane","LIM354",5,2020,48,FALSE,FALSE,TRUE
128,2020-11-29,0.084546501230439,1265,"Polokwane","LIM354",5,2020,49,FALSE,FALSE,TRUE
128,2020-12-06,0.156091044316405,1415,"Polokwane","LIM354",5,2020,50,TRUE,TRUE,FALSE
128,2020-12-13,0.209369241414322,1919,"Polokwane","LIM354",5,2020,51,TRUE,FALSE,FALSE
128,2020-12-20,0.41223414672079,2598,"Polokwane","LIM354",5,2020,52,TRUE,FALSE,FALSE
128,2020-12-27,0.527209539869895,4726,"Polokwane","LIM354",5,2020,53,TRUE,FALSE,FALSE
128,2021-01-03,0.45966436177358,8810,"Polokwane","LIM354",5,2021,1,TRUE,FALSE,FALSE
128,2021-01-10,0.394945418144357,7807,"Polokwane","LIM354",5,2021,2,TRUE,FALSE,FALSE
128,2021-01-17,0.326692390522487,4955,"Polokwane","LIM354",5,2021,3,TRUE,FALSE,FALSE
128,2021-01-24,0.229067162154577,3034,"Polokwane","LIM354",5,2021,4,TRUE,FALSE,FALSE
128,2021-01-31,0.152110987974525,2008,"Polokwane","LIM354",5,2021,5,TRUE,FALSE,FALSE
128,2021-02-07,0.124356292258579,1638,"Polokwane","LIM354",5,2021,6,TRUE,FALSE,FALSE
128,2021-02-14,0.0794195875068673,1585,"Polokwane","LIM354",5,2021,7,FALSE,FALSE,FALSE
128,2021-02-21,0.0568612712359549,1460,"Polokwane","LIM354",5,2021,8,FALSE,FALSE,FALSE
128,2021-02-28,0.0414107135108381,1566,"Polokwane","LIM354",5,2021,9,FALSE,FALSE,FALSE
128,2021-03-07,0.0393464750435643,1501,"Polokwane","LIM354",5,2021,10,FALSE,FALSE,FALSE
128,2021-03-14,0.0273073689589487,1576,"Polokwane","LIM354",5,2021,11,FALSE,FALSE,FALSE
128,2021-03-21,0.0458374688713421,1302,"Polokwane","LIM354",5,2021,12,FALSE,FALSE,FALSE
128,2021-03-28,0.044531898141403,1245,"Polokwane","LIM354",5,2021,13,FALSE,FALSE,FALSE
128,2021-04-04,0.0340774305483241,1195,"Polokwane","LIM354",5,2021,14,FALSE,FALSE,FALSE
128,2021-04-11,0.0275050530433981,1245,"Polokwane","LIM354",5,2021,15,FALSE,FALSE,FALSE
128,2021-04-18,0.0302840111369548,1297,"Polokwane","LIM354",5,2021,16,FALSE,FALSE,TRUE
128,2021-04-25,0.0333582396621298,1088,"Polokwane","LIM354",5,2021,17,FALSE,FALSE,TRUE
128,2021-05-02,0.0305896345653644,1263,"Polokwane","LIM354",5,2021,18,FALSE,FALSE,TRUE
128,2021-05-09,0.0362289396031901,1281,"Polokwane","LIM354",5,2021,19,FALSE,FALSE,TRUE
128,2021-05-16,0.0524504813329653,1329,"Polokwane","LIM354",5,2021,20,FALSE,FALSE,TRUE
128,2021-05-23,0.0883139769765011,1500,"Polokwane","LIM354",5,2021,21,FALSE,FALSE,TRUE
128,2021-05-30,0.116763806426944,1866,"Polokwane","LIM354",5,2021,22,TRUE,TRUE,FALSE
128,2021-06-06,0.121049287925603,1806,"Polokwane","LIM354",5,2021,23,TRUE,FALSE,FALSE
128,2021-06-13,0.20528086786661,2420,"Polokwane","LIM354",5,2021,24,TRUE,FALSE,FALSE
128,2021-06-20,0.267131459677309,4308,"Polokwane","LIM354",5,2021,25,TRUE,FALSE,FALSE
128,2021-06-27,0.367087847527513,5173,"Polokwane","LIM354",5,2021,26,TRUE,FALSE,FALSE
128,2021-07-04,0.473630572241408,5951,"Polokwane","LIM354",5,2021,27,TRUE,FALSE,FALSE
128,2021-07-11,0.453512742112558,5288,"Polokwane","LIM354",5,2021,28,TRUE,FALSE,FALSE
128,2021-07-18,0.414250739705471,3814,"Polokwane","LIM354",5,2021,29,TRUE,FALSE,FALSE
128,2021-07-25,0.358131926546449,3242,"Polokwane","LIM354",5,2021,30,TRUE,FALSE,FALSE
128,2021-08-01,0.301793057145642,3115,"Polokwane","LIM354",5,2021,31,TRUE,FALSE,FALSE
128,2021-08-08,0.25305801403584,2849,"Polokwane","LIM354",5,2021,32,TRUE,FALSE,FALSE
128,2021-08-15,0.217742188639549,3264,"Polokwane","LIM354",5,2021,33,TRUE,FALSE,FALSE
128,2021-08-22,0.178902914524844,2874,"Polokwane","LIM354",5,2021,34,TRUE,FALSE,FALSE
128,2021-08-29,0.13766083619697,2390,"Polokwane","LIM354",5,2021,35,TRUE,FALSE,FALSE
128,2021-09-05,0.117137040688878,2375,"Polokwane","LIM354",5,2021,36,TRUE,FALSE,FALSE
128,2021-09-12,0.0539951203051689,1527,"Polokwane","LIM354",5,2021,37,FALSE,FALSE,FALSE
128,2021-09-19,0.0563891585461304,1168,"Polokwane","LIM354",5,2021,38,FALSE,FALSE,FALSE
128,2021-09-26,0.030346754150703,1329,"Polokwane","LIM354",5,2021,39,FALSE,FALSE,FALSE
128,2021-10-03,0.0173752034998626,1218,"Polokwane","LIM354",5,2021,40,FALSE,FALSE,FALSE
128,2021-10-10,0.010889212002481,1165,"Polokwane","LIM354",5,2021,41,FALSE,FALSE,FALSE
128,2021-10-17,0.00804611398501726,1114,"Polokwane","LIM354",5,2021,42,FALSE,FALSE,TRUE
128,2021-10-24,0.00486129035508595,1223,"Polokwane","LIM354",5,2021,43,FALSE,FALSE,TRUE
128,2021-10-31,0.00684792949021207,1174,"Polokwane","LIM354",5,2021,44,FALSE,FALSE,TRUE
128,2021-11-07,0.00620665273779773,1107,"Polokwane","LIM354",5,2021,45,FALSE,FALSE,TRUE
128,2021-11-14,0.0235007802926013,1074,"Polokwane","LIM354",5,2021,46,FALSE,FALSE,TRUE
128,2021-11-21,0.080643634558272,1284,"Polokwane","LIM354",5,2021,47,FALSE,FALSE,TRUE
128,2021-11-28,0.305083630916499,2486,"Polokwane","LIM354",5,2021,48,TRUE,TRUE,FALSE
128,2021-12-05,0.439276844661558,3811,"Polokwane","LIM354",5,2021,49,TRUE,FALSE,FALSE
128,2021-12-12,0.454796149771357,3214,"Polokwane","LIM354",5,2021,50,TRUE,FALSE,FALSE
128,2021-12-19,0.410889683266069,2265,"Polokwane","LIM354",5,2021,51,TRUE,FALSE,FALSE
128,2021-12-26,0.313295092892843,1602,"Polokwane","LIM354",5,2021,52,TRUE,FALSE,FALSE
128,2022-01-02,0.250451586609238,1800,"Polokwane","LIM354",5,2022,1,TRUE,FALSE,FALSE
128,2022-01-09,0.174497088968755,1597,"Polokwane","LIM354",5,2022,2,TRUE,FALSE,FALSE
128,2022-01-16,0.196905962987066,1684,"Polokwane","LIM354",5,2022,3,TRUE,FALSE,FALSE
128,2022-01-23,0.180730160859799,1921,"Polokwane","LIM354",5,2022,4,TRUE,FALSE,FALSE
128,2022-01-30,0.145477480647979,1566,"Polokwane","LIM354",5,2022,5,TRUE,FALSE,FALSE
58,2020-03-15,0.0696217243240484,440,"Mangaung","MAN",2,2020,12,FALSE,FALSE,FALSE
58,2020-03-22,0.0553858486831429,581,"Mangaung","MAN",2,2020,13,FALSE,FALSE,FALSE
58,2020-03-29,0.0392347222925047,508,"Mangaung","MAN",2,2020,14,FALSE,FALSE,FALSE
58,2020-04-05,0.0410710144633073,333,"Mangaung","MAN",2,2020,15,FALSE,FALSE,FALSE
58,2020-04-12,0.011064962362967,747,"Mangaung","MAN",2,2020,16,FALSE,FALSE,FALSE
58,2020-04-19,0.00716852978498871,1642,"Mangaung","MAN",2,2020,17,FALSE,FALSE,FALSE
58,2020-04-26,0.0100896068037683,1229,"Mangaung","MAN",2,2020,18,FALSE,FALSE,FALSE
58,2020-05-03,0.00632442358773926,2100,"Mangaung","MAN",2,2020,19,FALSE,FALSE,FALSE
58,2020-05-10,0.0198356008001163,2068,"Mangaung","MAN",2,2020,20,FALSE,FALSE,FALSE
58,2020-05-17,0.0185635027961584,2296,"Mangaung","MAN",2,2020,21,FALSE,FALSE,TRUE
58,2020-05-24,0.0241793512378757,2043,"Mangaung","MAN",2,2020,22,FALSE,FALSE,TRUE
58,2020-05-31,0.0183319551447839,2104,"Mangaung","MAN",2,2020,23,FALSE,FALSE,TRUE
58,2020-06-07,0.0391512645088768,2648,"Mangaung","MAN",2,2020,24,FALSE,FALSE,TRUE
58,2020-06-14,0.0725222828231577,2718,"Mangaung","MAN",2,2020,25,FALSE,FALSE,TRUE
58,2020-06-21,0.0798910049126371,3942,"Mangaung","MAN",2,2020,26,FALSE,FALSE,TRUE
58,2020-06-28,0.12702791804547,6035,"Mangaung","MAN",2,2020,27,TRUE,TRUE,FALSE
58,2020-07-05,0.197659063351207,8084,"Mangaung","MAN",2,2020,28,TRUE,FALSE,FALSE
58,2020-07-12,0.272999940270034,9307,"Mangaung","MAN",2,2020,29,TRUE,FALSE,FALSE
58,2020-07-19,0.28083079537961,10481,"Mangaung","MAN",2,2020,30,TRUE,FALSE,FALSE
58,2020-07-26,0.286659354919141,9574,"Mangaung","MAN",2,2020,31,TRUE,FALSE,FALSE
58,2020-08-02,0.279071168401761,7945,"Mangaung","MAN",2,2020,32,TRUE,FALSE,FALSE
58,2020-08-09,0.283152781852156,6678,"Mangaung","MAN",2,2020,33,TRUE,FALSE,FALSE
58,2020-08-16,0.253773249258539,6104,"Mangaung","MAN",2,2020,34,TRUE,FALSE,FALSE
58,2020-08-23,0.243663312325563,6440,"Mangaung","MAN",2,2020,35,TRUE,FALSE,FALSE
58,2020-08-30,0.224107223100722,5696,"Mangaung","MAN",2,2020,36,TRUE,FALSE,FALSE
58,2020-09-06,0.233288078975534,5750,"Mangaung","MAN",2,2020,37,TRUE,FALSE,FALSE
58,2020-09-13,0.225994859102819,6185,"Mangaung","MAN",2,2020,38,TRUE,FALSE,FALSE
58,2020-09-20,0.244269884539907,5475,"Mangaung","MAN",2,2020,39,TRUE,FALSE,FALSE
58,2020-09-27,0.219385740355968,7006,"Mangaung","MAN",2,2020,40,TRUE,FALSE,FALSE
58,2020-10-04,0.219428111810005,7511,"Mangaung","MAN",2,2020,41,TRUE,FALSE,FALSE
58,2020-10-11,0.219087916149268,7700,"Mangaung","MAN",2,2020,42,TRUE,FALSE,FALSE
58,2020-10-18,0.1839952058745,7420,"Mangaung","MAN",2,2020,43,TRUE,FALSE,FALSE
58,2020-10-25,0.141319059544954,5723,"Mangaung","MAN",2,2020,44,TRUE,FALSE,FALSE
58,2020-11-01,0.103247544010835,4957,"Mangaung","MAN",2,2020,45,TRUE,FALSE,FALSE
58,2020-11-08,0.0606401873481269,4644,"Mangaung","MAN",2,2020,46,FALSE,FALSE,TRUE
58,2020-11-15,0.0448435158536363,4352,"Mangaung","MAN",2,2020,47,FALSE,FALSE,TRUE
58,2020-11-22,0.0371711546487458,4024,"Mangaung","MAN",2,2020,48,FALSE,FALSE,TRUE
58,2020-11-29,0.0512810036859272,4560,"Mangaung","MAN",2,2020,49,FALSE,FALSE,TRUE
58,2020-12-06,0.0546557651781629,4521,"Mangaung","MAN",2,2020,50,FALSE,FALSE,TRUE
58,2020-12-13,0.0837375347373653,4388,"Mangaung","MAN",2,2020,51,FALSE,FALSE,TRUE
58,2020-12-20,0.118024798910353,4152,"Mangaung","MAN",2,2020,52,TRUE,TRUE,FALSE
58,2020-12-27,0.174336734471799,4233,"Mangaung","MAN",2,2020,53,TRUE,FALSE,FALSE
58,2021-01-03,0.204867019583029,6554,"Mangaung","MAN",2,2021,1,TRUE,FALSE,FALSE
58,2021-01-10,0.181154274980447,5884,"Mangaung","MAN",2,2021,2,TRUE,FALSE,FALSE
58,2021-01-17,0.142914398976182,5788,"Mangaung","MAN",2,2021,3,TRUE,FALSE,FALSE
58,2021-01-24,0.109156525173845,4927,"Mangaung","MAN",2,2021,4,TRUE,FALSE,FALSE
58,2021-01-31,0.0854103168440404,4397,"Mangaung","MAN",2,2021,5,FALSE,FALSE,FALSE
58,2021-02-07,0.0703483599968687,4620,"Mangaung","MAN",2,2021,6,FALSE,FALSE,FALSE
58,2021-02-14,0.0496356163741767,5074,"Mangaung","MAN",2,2021,7,FALSE,FALSE,FALSE
58,2021-02-21,0.0511176277920568,4693,"Mangaung","MAN",2,2021,8,FALSE,FALSE,FALSE
58,2021-02-28,0.0480235250685922,5199,"Mangaung","MAN",2,2021,9,FALSE,FALSE,TRUE
58,2021-03-07,0.0505040664160243,5405,"Mangaung","MAN",2,2021,10,FALSE,FALSE,TRUE
58,2021-03-14,0.0552336988380576,5143,"Mangaung","MAN",2,2021,11,FALSE,FALSE,TRUE
58,2021-03-21,0.0724933714829745,4557,"Mangaung","MAN",2,2021,12,FALSE,FALSE,TRUE
58,2021-03-28,0.0762532093533966,4401,"Mangaung","MAN",2,2021,13,FALSE,FALSE,TRUE
58,2021-04-04,0.0719497201128339,5350,"Mangaung","MAN",2,2021,14,FALSE,FALSE,TRUE
58,2021-04-11,0.102378894780108,5283,"Mangaung","MAN",2,2021,15,TRUE,TRUE,FALSE
58,2021-04-18,0.119015474653274,6150,"Mangaung","MAN",2,2021,16,TRUE,FALSE,FALSE
58,2021-04-25,0.158899497230914,5216,"Mangaung","MAN",2,2021,17,TRUE,FALSE,FALSE
58,2021-05-02,0.170561463233792,7099,"Mangaung","MAN",2,2021,18,TRUE,FALSE,FALSE
58,2021-05-09,0.171797851296127,8183,"Mangaung","MAN",2,2021,19,TRUE,FALSE,FALSE
58,2021-05-16,0.197611050978544,6721,"Mangaung","MAN",2,2021,20,TRUE,FALSE,FALSE
58,2021-05-23,0.199920449313744,8041,"Mangaung","MAN",2,2021,21,TRUE,FALSE,FALSE
58,2021-05-30,0.172798232779974,8663,"Mangaung","MAN",2,2021,22,TRUE,FALSE,FALSE
58,2021-06-06,0.172192049036537,8880,"Mangaung","MAN",2,2021,23,TRUE,FALSE,FALSE
58,2021-06-13,0.178287523174282,8246,"Mangaung","MAN",2,2021,24,TRUE,FALSE,FALSE
58,2021-06-20,0.16997085695142,7929,"Mangaung","MAN",2,2021,25,TRUE,FALSE,FALSE
58,2021-06-27,0.181797664931095,7720,"Mangaung","MAN",2,2021,26,TRUE,FALSE,FALSE
58,2021-07-04,0.180423827432359,7217,"Mangaung","MAN",2,2021,27,TRUE,FALSE,FALSE
58,2021-07-11,0.199120187551951,6064,"Mangaung","MAN",2,2021,28,TRUE,FALSE,FALSE
58,2021-07-18,0.208956685894337,5926,"Mangaung","MAN",2,2021,29,TRUE,FALSE,FALSE
58,2021-07-25,0.197615906893053,6460,"Mangaung","MAN",2,2021,30,TRUE,FALSE,FALSE
58,2021-08-01,0.219978180855074,7284,"Mangaung","MAN",2,2021,31,TRUE,FALSE,FALSE
58,2021-08-08,0.237480448461163,8254,"Mangaung","MAN",2,2021,32,TRUE,FALSE,FALSE
58,2021-08-15,0.253343500138724,10537,"Mangaung","MAN",2,2021,33,TRUE,FALSE,FALSE
58,2021-08-22,0.241580959460419,10327,"Mangaung","MAN",2,2021,34,TRUE,FALSE,FALSE
58,2021-08-29,0.203557610269205,10482,"Mangaung","MAN",2,2021,35,TRUE,FALSE,FALSE
58,2021-09-05,0.190726084942282,9125,"Mangaung","MAN",2,2021,36,TRUE,FALSE,FALSE
58,2021-09-12,0.141883857517251,7775,"Mangaung","MAN",2,2021,37,TRUE,FALSE,FALSE
58,2021-09-19,0.113387243534962,5487,"Mangaung","MAN",2,2021,38,TRUE,FALSE,FALSE
58,2021-09-26,0.0792506224170637,5891,"Mangaung","MAN",2,2021,39,FALSE,FALSE,FALSE
58,2021-10-03,0.0459973153431387,5560,"Mangaung","MAN",2,2021,40,FALSE,FALSE,FALSE
58,2021-10-10,0.035827951867021,5022,"Mangaung","MAN",2,2021,41,FALSE,FALSE,FALSE
58,2021-10-17,0.0283126420078563,4811,"Mangaung","MAN",2,2021,42,FALSE,FALSE,TRUE
58,2021-10-24,0.0189679729208458,5010,"Mangaung","MAN",2,2021,43,FALSE,FALSE,TRUE
58,2021-10-31,0.0140499469903343,5075,"Mangaung","MAN",2,2021,44,FALSE,FALSE,TRUE
58,2021-11-07,0.0124203157414688,6350,"Mangaung","MAN",2,2021,45,FALSE,FALSE,TRUE
58,2021-11-14,0.00938920298832454,6047,"Mangaung","MAN",2,2021,46,FALSE,FALSE,TRUE
58,2021-11-21,0.0187253184601612,5377,"Mangaung","MAN",2,2021,47,FALSE,FALSE,TRUE
58,2021-11-28,0.133122804198147,6950,"Mangaung","MAN",2,2021,48,TRUE,TRUE,FALSE
58,2021-12-05,0.357847536142396,10726,"Mangaung","MAN",2,2021,49,TRUE,FALSE,FALSE
58,2021-12-12,0.413529783290907,11776,"Mangaung","MAN",2,2021,50,TRUE,FALSE,FALSE
58,2021-12-19,0.370007605524308,7974,"Mangaung","MAN",2,2021,51,TRUE,FALSE,FALSE
58,2021-12-26,0.325863731224336,4685,"Mangaung","MAN",2,2021,52,TRUE,FALSE,FALSE
58,2022-01-02,0.252053628828934,5575,"Mangaung","MAN",2,2022,1,TRUE,FALSE,NA
58,2022-01-09,0.154486546990805,4751,"Mangaung","MAN",2,2022,2,TRUE,FALSE,NA
58,2022-01-16,0.111701182746257,4904,"Mangaung","MAN",2,2022,3,TRUE,FALSE,NA
58,2022-01-23,0.127429939548007,5650,"Mangaung","MAN",2,2022,4,TRUE,FALSE,NA
58,2022-01-30,0.116451750864409,5316,"Mangaung","MAN",2,2022,5,TRUE,FALSE,NA
149,2020-03-15,NA,NA,"Emalahleni (MP)","MP312",6,2020,12,NA,FALSE,NA
149,2020-03-22,0.0115723582040457,79,"Emalahleni (MP)","MP312",6,2020,13,FALSE,NA,NA
149,2020-03-29,NA,NA,"Emalahleni (MP)","MP312",6,2020,14,NA,NA,NA
149,2020-04-05,NA,NA,"Emalahleni (MP)","MP312",6,2020,15,NA,NA,NA
149,2020-04-12,NA,NA,"Emalahleni (MP)","MP312",6,2020,16,NA,NA,NA
149,2020-04-19,NA,NA,"Emalahleni (MP)","MP312",6,2020,17,NA,NA,NA
149,2020-04-26,NA,NA,"Emalahleni (MP)","MP312",6,2020,18,NA,NA,NA
149,2020-05-03,0.0028122331708802,353,"Emalahleni (MP)","MP312",6,2020,19,FALSE,NA,TRUE
149,2020-05-10,0.00383313050345578,523,"Emalahleni (MP)","MP312",6,2020,20,FALSE,FALSE,TRUE
149,2020-05-17,0.00644709291548697,470,"Emalahleni (MP)","MP312",6,2020,21,FALSE,FALSE,TRUE
149,2020-05-24,0.0103856752971063,478,"Emalahleni (MP)","MP312",6,2020,22,FALSE,FALSE,TRUE
149,2020-05-31,0.0150532248729125,530,"Emalahleni (MP)","MP312",6,2020,23,FALSE,FALSE,TRUE
149,2020-06-07,0.0444122549921856,1020,"Emalahleni (MP)","MP312",6,2020,24,FALSE,FALSE,TRUE
149,2020-06-14,0.100215136968378,1033,"Emalahleni (MP)","MP312",6,2020,25,TRUE,TRUE,FALSE
149,2020-06-21,0.127890485324758,1092,"Emalahleni (MP)","MP312",6,2020,26,TRUE,FALSE,FALSE
149,2020-06-28,0.15879428467998,1685,"Emalahleni (MP)","MP312",6,2020,27,TRUE,FALSE,FALSE
149,2020-07-05,0.268975470231434,1662,"Emalahleni (MP)","MP312",6,2020,28,TRUE,FALSE,FALSE
149,2020-07-12,0.313286850153116,2046,"Emalahleni (MP)","MP312",6,2020,29,TRUE,FALSE,FALSE
149,2020-07-19,0.280942886636008,1982,"Emalahleni (MP)","MP312",6,2020,30,TRUE,FALSE,FALSE
149,2020-07-26,0.326190308615666,1428,"Emalahleni (MP)","MP312",6,2020,31,TRUE,FALSE,FALSE
149,2020-08-02,0.312294175968083,1236,"Emalahleni (MP)","MP312",6,2020,32,TRUE,FALSE,FALSE
149,2020-08-09,0.279376364299971,957,"Emalahleni (MP)","MP312",6,2020,33,TRUE,FALSE,FALSE
149,2020-08-16,0.231297836060003,946,"Emalahleni (MP)","MP312",6,2020,34,TRUE,FALSE,FALSE
149,2020-08-23,0.143800754500449,783,"Emalahleni (MP)","MP312",6,2020,35,TRUE,FALSE,FALSE
149,2020-08-30,0.162999127595602,582,"Emalahleni (MP)","MP312",6,2020,36,TRUE,FALSE,FALSE
149,2020-09-06,0.123232339097335,638,"Emalahleni (MP)","MP312",6,2020,37,TRUE,FALSE,FALSE
149,2020-09-13,0.117566491094754,578,"Emalahleni (MP)","MP312",6,2020,38,TRUE,FALSE,FALSE
149,2020-09-20,0.124243537645181,481,"Emalahleni (MP)","MP312",6,2020,39,TRUE,FALSE,FALSE
149,2020-09-27,0.0788890703048335,580,"Emalahleni (MP)","MP312",6,2020,40,FALSE,FALSE,FALSE
149,2020-10-04,0.069097556182871,620,"Emalahleni (MP)","MP312",6,2020,41,FALSE,FALSE,FALSE
149,2020-10-11,0.0674759422248157,594,"Emalahleni (MP)","MP312",6,2020,42,FALSE,FALSE,FALSE
149,2020-10-18,0.0503924932419297,747,"Emalahleni (MP)","MP312",6,2020,43,FALSE,FALSE,FALSE
149,2020-10-25,0.0342618496083786,660,"Emalahleni (MP)","MP312",6,2020,44,FALSE,FALSE,FALSE
149,2020-11-01,0.0377034838754769,627,"Emalahleni (MP)","MP312",6,2020,45,FALSE,FALSE,TRUE
149,2020-11-08,0.0475126935406655,710,"Emalahleni (MP)","MP312",6,2020,46,FALSE,FALSE,TRUE
149,2020-11-15,0.0461875175710578,613,"Emalahleni (MP)","MP312",6,2020,47,FALSE,FALSE,TRUE
149,2020-11-22,0.045372224835089,695,"Emalahleni (MP)","MP312",6,2020,48,FALSE,FALSE,TRUE
149,2020-11-29,0.0642767991646564,738,"Emalahleni (MP)","MP312",6,2020,49,FALSE,FALSE,TRUE
149,2020-12-06,0.0790822991303429,811,"Emalahleni (MP)","MP312",6,2020,50,FALSE,FALSE,TRUE
149,2020-12-13,0.134451322305341,884,"Emalahleni (MP)","MP312",6,2020,51,TRUE,TRUE,FALSE
149,2020-12-20,0.265750913410229,929,"Emalahleni (MP)","MP312",6,2020,52,TRUE,FALSE,FALSE
149,2020-12-27,0.372726613628439,1246,"Emalahleni (MP)","MP312",6,2020,53,TRUE,FALSE,FALSE
149,2021-01-03,0.302112480755145,2837,"Emalahleni (MP)","MP312",6,2021,1,TRUE,FALSE,FALSE
149,2021-01-10,0.296170818007629,2595,"Emalahleni (MP)","MP312",6,2021,2,TRUE,FALSE,FALSE
149,2021-01-17,0.238101720922592,2022,"Emalahleni (MP)","MP312",6,2021,3,TRUE,FALSE,FALSE
149,2021-01-24,0.191043272878349,1621,"Emalahleni (MP)","MP312",6,2021,4,TRUE,FALSE,FALSE
149,2021-01-31,0.154946265354142,1262,"Emalahleni (MP)","MP312",6,2021,5,TRUE,FALSE,FALSE
149,2021-02-07,0.106541051951951,1279,"Emalahleni (MP)","MP312",6,2021,6,TRUE,FALSE,FALSE
149,2021-02-14,0.0884273129391952,1030,"Emalahleni (MP)","MP312",6,2021,7,FALSE,FALSE,FALSE
149,2021-02-21,0.0547703113478785,866,"Emalahleni (MP)","MP312",6,2021,8,FALSE,FALSE,FALSE
149,2021-02-28,0.0583397255729836,897,"Emalahleni (MP)","MP312",6,2021,9,FALSE,FALSE,FALSE
149,2021-03-07,0.0565981055605837,948,"Emalahleni (MP)","MP312",6,2021,10,FALSE,FALSE,FALSE
149,2021-03-14,0.0685094392391859,787,"Emalahleni (MP)","MP312",6,2021,11,FALSE,FALSE,FALSE
149,2021-03-21,0.0596619124423857,769,"Emalahleni (MP)","MP312",6,2021,12,FALSE,FALSE,TRUE
149,2021-03-28,0.0848851706110021,745,"Emalahleni (MP)","MP312",6,2021,13,FALSE,FALSE,TRUE
149,2021-04-04,0.0809044153769197,775,"Emalahleni (MP)","MP312",6,2021,14,FALSE,FALSE,TRUE
149,2021-04-11,0.0595923148476201,902,"Emalahleni (MP)","MP312",6,2021,15,FALSE,FALSE,TRUE
149,2021-04-18,0.0440560581408021,859,"Emalahleni (MP)","MP312",6,2021,16,FALSE,FALSE,TRUE
149,2021-04-25,0.0658282588177514,756,"Emalahleni (MP)","MP312",6,2021,17,FALSE,FALSE,TRUE
149,2021-05-02,0.102299777603441,795,"Emalahleni (MP)","MP312",6,2021,18,TRUE,TRUE,FALSE
149,2021-05-09,0.11568718267567,982,"Emalahleni (MP)","MP312",6,2021,19,TRUE,FALSE,FALSE
149,2021-05-16,0.130420028363206,1174,"Emalahleni (MP)","MP312",6,2021,20,TRUE,FALSE,FALSE
149,2021-05-23,0.139305558217876,1144,"Emalahleni (MP)","MP312",6,2021,21,TRUE,FALSE,FALSE
149,2021-05-30,0.18605367933178,1330,"Emalahleni (MP)","MP312",6,2021,22,TRUE,FALSE,FALSE
149,2021-06-06,0.201404415676342,1569,"Emalahleni (MP)","MP312",6,2021,23,TRUE,FALSE,FALSE
149,2021-06-13,0.294390357776047,1697,"Emalahleni (MP)","MP312",6,2021,24,TRUE,FALSE,FALSE
149,2021-06-20,0.286403904465876,2086,"Emalahleni (MP)","MP312",6,2021,25,TRUE,FALSE,FALSE
149,2021-06-27,0.356116948778858,2316,"Emalahleni (MP)","MP312",6,2021,26,TRUE,FALSE,FALSE
149,2021-07-04,0.394046562921239,2257,"Emalahleni (MP)","MP312",6,2021,27,TRUE,FALSE,FALSE
149,2021-07-11,0.416276540125692,1880,"Emalahleni (MP)","MP312",6,2021,28,TRUE,FALSE,FALSE
149,2021-07-18,0.395213093391872,1697,"Emalahleni (MP)","MP312",6,2021,29,TRUE,FALSE,FALSE
149,2021-07-25,0.41725369027287,1617,"Emalahleni (MP)","MP312",6,2021,30,TRUE,FALSE,FALSE
149,2021-08-01,0.395677537903102,1673,"Emalahleni (MP)","MP312",6,2021,31,TRUE,FALSE,FALSE
149,2021-08-08,0.306420900365607,1294,"Emalahleni (MP)","MP312",6,2021,32,TRUE,FALSE,FALSE
149,2021-08-15,0.279264440707288,1617,"Emalahleni (MP)","MP312",6,2021,33,TRUE,FALSE,FALSE
149,2021-08-22,0.263645749389703,1339,"Emalahleni (MP)","MP312",6,2021,34,TRUE,FALSE,FALSE
149,2021-08-29,0.203477279384191,1252,"Emalahleni (MP)","MP312",6,2021,35,TRUE,FALSE,FALSE
149,2021-09-05,0.150362414396304,1108,"Emalahleni (MP)","MP312",6,2021,36,TRUE,FALSE,FALSE
149,2021-09-12,0.110375232327414,1200,"Emalahleni (MP)","MP312",6,2021,37,TRUE,FALSE,FALSE
149,2021-09-19,0.0903707753713982,1029,"Emalahleni (MP)","MP312",6,2021,38,FALSE,FALSE,FALSE
149,2021-09-26,0.0500504694196876,1016,"Emalahleni (MP)","MP312",6,2021,39,FALSE,FALSE,FALSE
149,2021-10-03,0.0735904860893128,832,"Emalahleni (MP)","MP312",6,2021,40,FALSE,FALSE,FALSE
149,2021-10-10,0.0371359439450305,925,"Emalahleni (MP)","MP312",6,2021,41,FALSE,FALSE,TRUE
149,2021-10-17,0.0238636298790076,850,"Emalahleni (MP)","MP312",6,2021,42,FALSE,FALSE,TRUE
149,2021-10-24,0.0130439581749107,838,"Emalahleni (MP)","MP312",6,2021,43,FALSE,FALSE,TRUE
149,2021-10-31,0.0115896917358597,937,"Emalahleni (MP)","MP312",6,2021,44,FALSE,FALSE,TRUE
149,2021-11-07,0.0104831252999544,914,"Emalahleni (MP)","MP312",6,2021,45,FALSE,FALSE,TRUE
149,2021-11-14,0.0161118331971484,792,"Emalahleni (MP)","MP312",6,2021,46,FALSE,FALSE,TRUE
149,2021-11-21,0.10770069640585,906,"Emalahleni (MP)","MP312",6,2021,47,TRUE,TRUE,FALSE
149,2021-11-28,0.423088773912768,1734,"Emalahleni (MP)","MP312",6,2021,48,TRUE,FALSE,TRUE
149,2021-12-05,0.504828472999059,2114,"Emalahleni (MP)","MP312",6,2021,49,TRUE,FALSE,TRUE
149,2021-12-12,0.417100704587718,1573,"Emalahleni (MP)","MP312",6,2021,50,TRUE,FALSE,TRUE
149,2021-12-19,0.307629145471715,1054,"Emalahleni (MP)","MP312",6,2021,51,TRUE,FALSE,TRUE
149,2021-12-26,0.237455578813162,701,"Emalahleni (MP)","MP312",6,2021,52,TRUE,FALSE,TRUE
149,2022-01-02,0.0934336671449107,1879,"Emalahleni (MP)","MP312",6,2022,1,FALSE,FALSE,TRUE
149,2022-01-09,0.104120858630516,1172,"Emalahleni (MP)","MP312",6,2022,2,TRUE,TRUE,FALSE
149,2022-01-16,0.119929366169277,898,"Emalahleni (MP)","MP312",6,2022,3,TRUE,FALSE,FALSE
149,2022-01-23,0.20504346909112,1165,"Emalahleni (MP)","MP312",6,2022,4,TRUE,FALSE,FALSE
149,2022-01-30,0.170530574881448,1166,"Emalahleni (MP)","MP312",6,2022,5,TRUE,FALSE,FALSE
155,2020-03-15,0.0381520577700968,173,"Mbombela","MP322",6,2020,12,FALSE,FALSE,FALSE
155,2020-03-22,0.00519607434040245,163,"Mbombela","MP322",6,2020,13,FALSE,FALSE,FALSE
155,2020-03-29,0.0322730128745114,117,"Mbombela","MP322",6,2020,14,FALSE,FALSE,FALSE
155,2020-04-05,0.0114408449121935,172,"Mbombela","MP322",6,2020,15,FALSE,FALSE,FALSE
155,2020-04-12,0.0110077573268052,177,"Mbombela","MP322",6,2020,16,FALSE,FALSE,FALSE
155,2020-04-19,0.0185439176602277,158,"Mbombela","MP322",6,2020,17,FALSE,FALSE,FALSE
155,2020-04-26,0.00906739403779718,219,"Mbombela","MP322",6,2020,18,FALSE,FALSE,FALSE
155,2020-05-03,0.00527462667827443,769,"Mbombela","MP322",6,2020,19,FALSE,FALSE,FALSE
155,2020-05-10,0.00529409977388651,946,"Mbombela","MP322",6,2020,20,FALSE,FALSE,FALSE
155,2020-05-17,0.0200804168917346,807,"Mbombela","MP322",6,2020,21,FALSE,FALSE,TRUE
155,2020-05-24,0.00757917418042631,925,"Mbombela","MP322",6,2020,22,FALSE,FALSE,TRUE
155,2020-05-31,0.0164105015900756,920,"Mbombela","MP322",6,2020,23,FALSE,FALSE,TRUE
155,2020-06-07,0.0190148237849403,854,"Mbombela","MP322",6,2020,24,FALSE,FALSE,TRUE
155,2020-06-14,0.035183414272499,946,"Mbombela","MP322",6,2020,25,FALSE,FALSE,TRUE
155,2020-06-21,0.0751909497961627,1192,"Mbombela","MP322",6,2020,26,FALSE,FALSE,TRUE
155,2020-06-28,0.103665424076786,2387,"Mbombela","MP322",6,2020,27,TRUE,TRUE,FALSE
155,2020-07-05,0.153351506124797,2120,"Mbombela","MP322",6,2020,28,TRUE,FALSE,FALSE
155,2020-07-12,0.19906504285462,2174,"Mbombela","MP322",6,2020,29,TRUE,FALSE,FALSE
155,2020-07-19,0.249667100075941,2867,"Mbombela","MP322",6,2020,30,TRUE,FALSE,FALSE
155,2020-07-26,0.271772904171015,2875,"Mbombela","MP322",6,2020,31,TRUE,FALSE,FALSE
155,2020-08-02,0.227365135439369,2761,"Mbombela","MP322",6,2020,32,TRUE,FALSE,FALSE
155,2020-08-09,0.221155854004285,2146,"Mbombela","MP322",6,2020,33,TRUE,FALSE,FALSE
155,2020-08-16,0.186204068407459,1900,"Mbombela","MP322",6,2020,34,TRUE,FALSE,FALSE
155,2020-08-23,0.155231549092462,1626,"Mbombela","MP322",6,2020,35,TRUE,FALSE,FALSE
155,2020-08-30,0.133577781380152,1415,"Mbombela","MP322",6,2020,36,TRUE,FALSE,FALSE
155,2020-09-06,0.135813615952395,1515,"Mbombela","MP322",6,2020,37,TRUE,FALSE,FALSE
155,2020-09-13,0.15035220953223,1536,"Mbombela","MP322",6,2020,38,TRUE,FALSE,FALSE
155,2020-09-20,0.149320569035363,1317,"Mbombela","MP322",6,2020,39,TRUE,FALSE,FALSE
155,2020-09-27,0.115115761206791,2020,"Mbombela","MP322",6,2020,40,TRUE,FALSE,FALSE
155,2020-10-04,0.100258325442455,2142,"Mbombela","MP322",6,2020,41,TRUE,FALSE,FALSE
155,2020-10-11,0.114417081238765,2317,"Mbombela","MP322",6,2020,42,TRUE,FALSE,FALSE
155,2020-10-18,0.104317938065668,2233,"Mbombela","MP322",6,2020,43,TRUE,FALSE,FALSE
155,2020-10-25,0.097785015440503,2054,"Mbombela","MP322",6,2020,44,FALSE,FALSE,FALSE
155,2020-11-01,0.0892910008939861,2114,"Mbombela","MP322",6,2020,45,FALSE,FALSE,TRUE
155,2020-11-08,0.0674575092721632,1914,"Mbombela","MP322",6,2020,46,FALSE,FALSE,TRUE
155,2020-11-15,0.0547701272428355,1810,"Mbombela","MP322",6,2020,47,FALSE,FALSE,TRUE
155,2020-11-22,0.0529320642441655,1963,"Mbombela","MP322",6,2020,48,FALSE,FALSE,TRUE
155,2020-11-29,0.0565338521248304,2125,"Mbombela","MP322",6,2020,49,FALSE,FALSE,TRUE
155,2020-12-06,0.0847563420084856,2563,"Mbombela","MP322",6,2020,50,FALSE,FALSE,TRUE
155,2020-12-13,0.130777784246563,2537,"Mbombela","MP322",6,2020,51,TRUE,TRUE,FALSE
155,2020-12-20,0.213493515798827,2733,"Mbombela","MP322",6,2020,52,TRUE,FALSE,FALSE
155,2020-12-27,0.343319577691368,3754,"Mbombela","MP322",6,2020,53,TRUE,FALSE,FALSE
155,2021-01-03,0.398684272090518,5999,"Mbombela","MP322",6,2021,1,TRUE,FALSE,FALSE
155,2021-01-10,0.334245396711659,5659,"Mbombela","MP322",6,2021,2,TRUE,FALSE,FALSE
155,2021-01-17,0.264814108940193,4703,"Mbombela","MP322",6,2021,3,TRUE,FALSE,FALSE
155,2021-01-24,0.213683570060602,3740,"Mbombela","MP322",6,2021,4,TRUE,FALSE,TRUE
155,2021-01-31,0.190558876696153,2632,"Mbombela","MP322",6,2021,5,TRUE,FALSE,TRUE
155,2021-02-07,0.135563594080232,2448,"Mbombela","MP322",6,2021,6,TRUE,FALSE,TRUE
155,2021-02-14,0.101706984598266,2487,"Mbombela","MP322",6,2021,7,TRUE,FALSE,TRUE
155,2021-02-21,0.109052013709145,2445,"Mbombela","MP322",6,2021,8,TRUE,FALSE,TRUE
155,2021-02-28,0.0941735009673926,2562,"Mbombela","MP322",6,2021,9,FALSE,FALSE,TRUE
155,2021-03-07,0.100172723432964,2728,"Mbombela","MP322",6,2021,10,TRUE,TRUE,FALSE
155,2021-03-14,0.091055847318948,2765,"Mbombela","MP322",6,2021,11,FALSE,FALSE,FALSE
155,2021-03-21,0.0794645105977961,2397,"Mbombela","MP322",6,2021,12,FALSE,FALSE,FALSE
155,2021-03-28,0.07751590120234,2293,"Mbombela","MP322",6,2021,13,FALSE,FALSE,FALSE
155,2021-04-04,0.0644296963516224,2355,"Mbombela","MP322",6,2021,14,FALSE,FALSE,FALSE
155,2021-04-11,0.0447992823029085,3108,"Mbombela","MP322",6,2021,15,FALSE,FALSE,FALSE
155,2021-04-18,0.0468370978538355,2463,"Mbombela","MP322",6,2021,16,FALSE,FALSE,FALSE
155,2021-04-25,0.0333863788764674,1789,"Mbombela","MP322",6,2021,17,FALSE,FALSE,FALSE
155,2021-05-02,0.042114258585875,2263,"Mbombela","MP322",6,2021,18,FALSE,FALSE,TRUE
155,2021-05-09,0.0429084461939877,2764,"Mbombela","MP322",6,2021,19,FALSE,FALSE,TRUE
155,2021-05-16,0.0469878912264323,2777,"Mbombela","MP322",6,2021,20,FALSE,FALSE,TRUE
155,2021-05-23,0.0664732284007771,2729,"Mbombela","MP322",6,2021,21,FALSE,FALSE,TRUE
155,2021-05-30,0.0454098956184579,3933,"Mbombela","MP322",6,2021,22,FALSE,FALSE,TRUE
155,2021-06-06,0.0819850933187968,3401,"Mbombela","MP322",6,2021,23,FALSE,FALSE,TRUE
155,2021-06-13,0.126629835182783,4313,"Mbombela","MP322",6,2021,24,TRUE,TRUE,FALSE
155,2021-06-20,0.143075528925783,7069,"Mbombela","MP322",6,2021,25,TRUE,FALSE,FALSE
155,2021-06-27,0.195801200429286,6954,"Mbombela","MP322",6,2021,26,TRUE,FALSE,FALSE
155,2021-07-04,0.352664912091001,5843,"Mbombela","MP322",6,2021,27,TRUE,FALSE,FALSE
155,2021-07-11,0.34028213054085,5614,"Mbombela","MP322",6,2021,28,TRUE,FALSE,FALSE
155,2021-07-18,0.298444632628644,4773,"Mbombela","MP322",6,2021,29,TRUE,FALSE,FALSE
155,2021-07-25,0.219353016801445,5954,"Mbombela","MP322",6,2021,30,TRUE,FALSE,FALSE
155,2021-08-01,0.221139636789368,5523,"Mbombela","MP322",6,2021,31,TRUE,FALSE,FALSE
155,2021-08-08,0.202587484624701,5328,"Mbombela","MP322",6,2021,32,TRUE,FALSE,FALSE
155,2021-08-15,0.19581053407306,5263,"Mbombela","MP322",6,2021,33,TRUE,FALSE,FALSE
155,2021-08-22,0.118450735159404,6954,"Mbombela","MP322",6,2021,34,TRUE,FALSE,FALSE
155,2021-08-29,0.0862821240286875,5935,"Mbombela","MP322",6,2021,35,FALSE,FALSE,FALSE
155,2021-09-05,0.0625602702292,5249,"Mbombela","MP322",6,2021,36,FALSE,FALSE,FALSE
155,2021-09-12,0.0446531919019776,4052,"Mbombela","MP322",6,2021,37,FALSE,FALSE,FALSE
155,2021-09-19,0.0414903779993107,2820,"Mbombela","MP322",6,2021,38,FALSE,FALSE,FALSE
155,2021-09-26,0.0166903733085816,2911,"Mbombela","MP322",6,2021,39,FALSE,FALSE,FALSE
155,2021-10-03,0.0136680747502658,3371,"Mbombela","MP322",6,2021,40,FALSE,FALSE,FALSE
155,2021-10-10,0.0122338186475832,2410,"Mbombela","MP322",6,2021,41,FALSE,FALSE,FALSE
155,2021-10-17,0.0103484154923091,2289,"Mbombela","MP322",6,2021,42,FALSE,FALSE,TRUE
155,2021-10-24,0.00651812809782232,2587,"Mbombela","MP322",6,2021,43,FALSE,FALSE,TRUE
155,2021-10-31,0.00402233672683413,2451,"Mbombela","MP322",6,2021,44,FALSE,FALSE,TRUE
155,2021-11-07,0.00508969054154932,2312,"Mbombela","MP322",6,2021,45,FALSE,FALSE,TRUE
155,2021-11-14,0.0114444124252202,2163,"Mbombela","MP322",6,2021,46,FALSE,FALSE,TRUE
155,2021-11-21,0.0107862601763117,4805,"Mbombela","MP322",6,2021,47,FALSE,FALSE,TRUE
155,2021-11-28,0.10264844106189,4495,"Mbombela","MP322",6,2021,48,TRUE,TRUE,FALSE
155,2021-12-05,0.225031667739347,6578,"Mbombela","MP322",6,2021,49,TRUE,FALSE,TRUE
155,2021-12-12,0.266459543401462,7459,"Mbombela","MP322",6,2021,50,TRUE,FALSE,TRUE
155,2021-12-19,0.225345173716906,6119,"Mbombela","MP322",6,2021,51,TRUE,FALSE,TRUE
155,2021-12-26,0.157532475773317,5450,"Mbombela","MP322",6,2021,52,TRUE,FALSE,TRUE
155,2022-01-02,0.144478859321906,5745,"Mbombela","MP322",6,2022,1,TRUE,FALSE,NA
155,2022-01-09,0.075721990824952,7236,"Mbombela","MP322",6,2022,2,FALSE,FALSE,NA
155,2022-01-16,0.108720426506302,5528,"Mbombela","MP322",6,2022,3,TRUE,TRUE,NA
155,2022-01-23,0.120176018424292,6466,"Mbombela","MP322",6,2022,4,TRUE,FALSE,NA
155,2022-01-30,0.156405886714341,4095,"Mbombela","MP322",6,2022,5,TRUE,FALSE,NA
181,2020-03-15,NA,NA,"Hantam","NC065",8,2020,12,NA,FALSE,NA
181,2020-03-22,NA,NA,"Hantam","NC065",8,2020,13,NA,NA,NA
181,2020-03-29,NA,NA,"Hantam","NC065",8,2020,14,NA,NA,NA
181,2020-04-05,NA,NA,"Hantam","NC065",8,2020,15,NA,NA,NA
181,2020-04-12,NA,NA,"Hantam","NC065",8,2020,16,NA,NA,NA
181,2020-04-19,NA,NA,"Hantam","NC065",8,2020,17,NA,NA,NA
181,2020-04-26,NA,NA,"Hantam","NC065",8,2020,18,NA,NA,NA
181,2020-05-03,NA,NA,"Hantam","NC065",8,2020,19,NA,NA,NA
181,2020-05-10,NA,NA,"Hantam","NC065",8,2020,20,NA,NA,NA
181,2020-05-17,NA,NA,"Hantam","NC065",8,2020,21,NA,NA,NA
181,2020-05-24,NA,NA,"Hantam","NC065",8,2020,22,NA,NA,NA
181,2020-05-31,NA,NA,"Hantam","NC065",8,2020,23,NA,NA,NA
181,2020-06-07,NA,NA,"Hantam","NC065",8,2020,24,NA,NA,NA
181,2020-06-14,NA,NA,"Hantam","NC065",8,2020,25,NA,NA,NA
181,2020-06-21,NA,NA,"Hantam","NC065",8,2020,26,NA,NA,NA
181,2020-06-28,NA,NA,"Hantam","NC065",8,2020,27,NA,NA,NA
181,2020-07-05,0.254954378403399,20,"Hantam","NC065",8,2020,28,TRUE,NA,NA
181,2020-07-12,NA,NA,"Hantam","NC065",8,2020,29,NA,NA,NA
181,2020-07-19,0.170289691166681,49,"Hantam","NC065",8,2020,30,TRUE,NA,NA
181,2020-07-26,NA,NA,"Hantam","NC065",8,2020,31,NA,NA,NA
181,2020-08-02,NA,NA,"Hantam","NC065",8,2020,32,NA,NA,NA
181,2020-08-09,NA,NA,"Hantam","NC065",8,2020,33,NA,NA,NA
181,2020-08-16,NA,NA,"Hantam","NC065",8,2020,34,NA,NA,NA
181,2020-08-23,NA,NA,"Hantam","NC065",8,2020,35,NA,NA,NA
181,2020-08-30,NA,NA,"Hantam","NC065",8,2020,36,NA,NA,NA
181,2020-09-06,NA,NA,"Hantam","NC065",8,2020,37,NA,NA,NA
181,2020-09-13,NA,NA,"Hantam","NC065",8,2020,38,NA,NA,NA
181,2020-09-20,NA,NA,"Hantam","NC065",8,2020,39,NA,NA,NA
181,2020-09-27,NA,NA,"Hantam","NC065",8,2020,40,NA,NA,NA
181,2020-10-04,NA,NA,"Hantam","NC065",8,2020,41,NA,NA,NA
181,2020-10-11,0.0492248352001757,19,"Hantam","NC065",8,2020,42,FALSE,NA,NA
181,2020-10-18,NA,NA,"Hantam","NC065",8,2020,43,NA,NA,NA
181,2020-10-25,NA,NA,"Hantam","NC065",8,2020,44,NA,NA,NA
181,2020-11-01,0.106732981138252,18,"Hantam","NC065",8,2020,45,TRUE,NA,TRUE
181,2020-11-08,0.121550502836431,40,"Hantam","NC065",8,2020,46,TRUE,FALSE,TRUE
181,2020-11-15,0.0383705381013011,25,"Hantam","NC065",8,2020,47,FALSE,FALSE,TRUE
181,2020-11-22,0.0459962749562477,20,"Hantam","NC065",8,2020,48,FALSE,FALSE,TRUE
181,2020-11-29,0.120171572256773,24,"Hantam","NC065",8,2020,49,TRUE,TRUE,TRUE
181,2020-12-06,0.0452425845780732,126,"Hantam","NC065",8,2020,50,FALSE,FALSE,TRUE
181,2020-12-13,0.0799129049975869,62,"Hantam","NC065",8,2020,51,FALSE,FALSE,TRUE
181,2020-12-20,0.386501412375518,63,"Hantam","NC065",8,2020,52,TRUE,TRUE,FALSE
181,2020-12-27,0.418696730059546,199,"Hantam","NC065",8,2020,53,TRUE,FALSE,FALSE
181,2021-01-03,0.364618324788885,303,"Hantam","NC065",8,2021,1,TRUE,FALSE,FALSE
181,2021-01-10,0.306149607324992,266,"Hantam","NC065",8,2021,2,TRUE,FALSE,FALSE
181,2021-01-17,0.301098147544186,210,"Hantam","NC065",8,2021,3,TRUE,FALSE,TRUE
181,2021-01-24,0.174634076087061,192,"Hantam","NC065",8,2021,4,TRUE,FALSE,TRUE
181,2021-01-31,0.154947739760877,145,"Hantam","NC065",8,2021,5,TRUE,FALSE,TRUE
181,2021-02-07,0.135312307970507,142,"Hantam","NC065",8,2021,6,TRUE,FALSE,TRUE
181,2021-02-14,0.142872835498618,138,"Hantam","NC065",8,2021,7,TRUE,FALSE,TRUE
181,2021-02-21,0.0959255193031762,143,"Hantam","NC065",8,2021,8,FALSE,FALSE,TRUE
181,2021-02-28,0.277126507584566,193,"Hantam","NC065",8,2021,9,TRUE,TRUE,FALSE
181,2021-03-07,0.155690342393941,1249,"Hantam","NC065",8,2021,10,TRUE,FALSE,FALSE
181,2021-03-14,0.147544909864663,1852,"Hantam","NC065",8,2021,11,TRUE,FALSE,FALSE
181,2021-03-21,0.206911300591734,394,"Hantam","NC065",8,2021,12,TRUE,FALSE,FALSE
181,2021-03-28,0.146357347718907,146,"Hantam","NC065",8,2021,13,TRUE,FALSE,FALSE
181,2021-04-04,0.182927201519338,112,"Hantam","NC065",8,2021,14,TRUE,FALSE,FALSE
181,2021-04-11,0.250094424164785,137,"Hantam","NC065",8,2021,15,TRUE,FALSE,FALSE
181,2021-04-18,0.278921516964211,164,"Hantam","NC065",8,2021,16,TRUE,FALSE,FALSE
181,2021-04-25,0.352920615515002,66,"Hantam","NC065",8,2021,17,TRUE,FALSE,FALSE
181,2021-05-02,0.227271443680241,51,"Hantam","NC065",8,2021,18,TRUE,FALSE,FALSE
181,2021-05-09,0.219723878597256,89,"Hantam","NC065",8,2021,19,TRUE,FALSE,FALSE
181,2021-05-16,0.288422631020116,59,"Hantam","NC065",8,2021,20,TRUE,FALSE,TRUE
181,2021-05-23,0.266840613991393,211,"Hantam","NC065",8,2021,21,TRUE,FALSE,TRUE
181,2021-05-30,0.110448982208701,199,"Hantam","NC065",8,2021,22,TRUE,FALSE,TRUE
181,2021-06-06,0.116591685071003,160,"Hantam","NC065",8,2021,23,TRUE,FALSE,TRUE
181,2021-06-13,0.125899152802712,372,"Hantam","NC065",8,2021,24,TRUE,FALSE,TRUE
181,2021-06-20,0.0806488441290082,479,"Hantam","NC065",8,2021,25,FALSE,FALSE,TRUE
181,2021-06-27,0.105965281384479,187,"Hantam","NC065",8,2021,26,TRUE,TRUE,TRUE
181,2021-07-04,0.0586193970954509,114,"Hantam","NC065",8,2021,27,FALSE,FALSE,TRUE
181,2021-07-11,0.209347971044665,151,"Hantam","NC065",8,2021,28,TRUE,TRUE,FALSE
181,2021-07-18,0.177397596951088,161,"Hantam","NC065",8,2021,29,TRUE,FALSE,FALSE
181,2021-07-25,0.154513709711317,151,"Hantam","NC065",8,2021,30,TRUE,FALSE,FALSE
181,2021-08-01,0.248212732896094,190,"Hantam","NC065",8,2021,31,TRUE,FALSE,FALSE
181,2021-08-08,0.311368594561561,243,"Hantam","NC065",8,2021,32,TRUE,FALSE,FALSE
181,2021-08-15,0.264653679637367,454,"Hantam","NC065",8,2021,33,TRUE,FALSE,FALSE
181,2021-08-22,0.207755749425643,703,"Hantam","NC065",8,2021,34,TRUE,FALSE,FALSE
181,2021-08-29,0.257059314920907,569,"Hantam","NC065",8,2021,35,TRUE,FALSE,FALSE
181,2021-09-05,0.297625470892818,385,"Hantam","NC065",8,2021,36,TRUE,FALSE,FALSE
181,2021-09-12,0.300820771929489,259,"Hantam","NC065",8,2021,37,TRUE,FALSE,FALSE
181,2021-09-19,0.261571122091977,146,"Hantam","NC065",8,2021,38,TRUE,FALSE,FALSE
181,2021-09-26,0.199916919228555,139,"Hantam","NC065",8,2021,39,TRUE,FALSE,FALSE
181,2021-10-03,0.206709069669938,183,"Hantam","NC065",8,2021,40,TRUE,FALSE,FALSE
181,2021-10-10,0.152246921500508,168,"Hantam","NC065",8,2021,41,TRUE,FALSE,FALSE
181,2021-10-17,0.135559630474638,119,"Hantam","NC065",8,2021,42,TRUE,FALSE,FALSE
181,2021-10-24,0.110909054303955,96,"Hantam","NC065",8,2021,43,TRUE,FALSE,TRUE
181,2021-10-31,0.0315983656737006,60,"Hantam","NC065",8,2021,44,FALSE,FALSE,TRUE
181,2021-11-07,0.0324862951009034,80,"Hantam","NC065",8,2021,45,FALSE,FALSE,TRUE
181,2021-11-14,0.040904528316261,82,"Hantam","NC065",8,2021,46,FALSE,FALSE,TRUE
181,2021-11-21,0.0530128802646551,144,"Hantam","NC065",8,2021,47,FALSE,FALSE,TRUE
181,2021-11-28,0.0453971045026195,91,"Hantam","NC065",8,2021,48,FALSE,FALSE,TRUE
181,2021-12-05,0.101689211075712,49,"Hantam","NC065",8,2021,49,TRUE,TRUE,FALSE
181,2021-12-12,0.1083685179123,47,"Hantam","NC065",8,2021,50,TRUE,FALSE,FALSE
181,2021-12-19,0.338254504214564,74,"Hantam","NC065",8,2021,51,TRUE,FALSE,FALSE
181,2021-12-26,0.555223039952338,77,"Hantam","NC065",8,2021,52,TRUE,FALSE,FALSE
181,2022-01-02,0.748102046520845,266,"Hantam","NC065",8,2022,1,TRUE,FALSE,FALSE
181,2022-01-09,0.680754616878046,241,"Hantam","NC065",8,2022,2,TRUE,FALSE,NA
181,2022-01-16,0.523055257219361,117,"Hantam","NC065",8,2022,3,TRUE,FALSE,NA
181,2022-01-23,0.338537590719484,90,"Hantam","NC065",8,2022,4,TRUE,FALSE,NA
181,2022-01-30,0.331376259193054,30,"Hantam","NC065",8,2022,5,TRUE,FALSE,NA
198,2020-03-15,0.0131900386970103,78,"Sol Plaatjie","NC091",8,2020,12,FALSE,FALSE,NA
198,2020-03-22,0.0213059556333583,129,"Sol Plaatjie","NC091",8,2020,13,FALSE,FALSE,NA
198,2020-03-29,NA,NA,"Sol Plaatjie","NC091",8,2020,14,NA,NA,NA
198,2020-04-05,0.0193223278094059,101,"Sol Plaatjie","NC091",8,2020,15,FALSE,NA,NA
198,2020-04-12,0.015132438559625,126,"Sol Plaatjie","NC091",8,2020,16,FALSE,FALSE,NA
198,2020-04-19,NA,NA,"Sol Plaatjie","NC091",8,2020,17,NA,NA,NA
198,2020-04-26,0.0184354307663633,390,"Sol Plaatjie","NC091",8,2020,18,FALSE,NA,FALSE
198,2020-05-03,0.00455395514317428,876,"Sol Plaatjie","NC091",8,2020,19,FALSE,FALSE,FALSE
198,2020-05-10,0.00839866249818811,839,"Sol Plaatjie","NC091",8,2020,20,FALSE,FALSE,FALSE
198,2020-05-17,0.00380544059142721,1046,"Sol Plaatjie","NC091",8,2020,21,FALSE,FALSE,TRUE
198,2020-05-24,0.00324250716047581,1228,"Sol Plaatjie","NC091",8,2020,22,FALSE,FALSE,TRUE
198,2020-05-31,0.00910021260572908,1315,"Sol Plaatjie","NC091",8,2020,23,FALSE,FALSE,TRUE
198,2020-06-07,0.0124608297695023,893,"Sol Plaatjie","NC091",8,2020,24,FALSE,FALSE,TRUE
198,2020-06-14,0.0173198904356957,935,"Sol Plaatjie","NC091",8,2020,25,FALSE,FALSE,TRUE
198,2020-06-21,0.0670581885759131,1203,"Sol Plaatjie","NC091",8,2020,26,FALSE,FALSE,TRUE
198,2020-06-28,0.107144180997094,1621,"Sol Plaatjie","NC091",8,2020,27,TRUE,TRUE,FALSE
198,2020-07-05,0.135132509876993,2357,"Sol Plaatjie","NC091",8,2020,28,TRUE,FALSE,FALSE
198,2020-07-12,0.232270956424414,2063,"Sol Plaatjie","NC091",8,2020,29,TRUE,FALSE,FALSE
198,2020-07-19,0.272018399100291,2891,"Sol Plaatjie","NC091",8,2020,30,TRUE,FALSE,FALSE
198,2020-07-26,0.244583495318751,3078,"Sol Plaatjie","NC091",8,2020,31,TRUE,FALSE,FALSE
198,2020-08-02,0.298174819137069,2520,"Sol Plaatjie","NC091",8,2020,32,TRUE,FALSE,FALSE
198,2020-08-09,0.287617318003693,2296,"Sol Plaatjie","NC091",8,2020,33,TRUE,FALSE,FALSE
198,2020-08-16,0.272367346152437,2414,"Sol Plaatjie","NC091",8,2020,34,TRUE,FALSE,FALSE
198,2020-08-23,0.268299411215958,2428,"Sol Plaatjie","NC091",8,2020,35,TRUE,FALSE,FALSE
198,2020-08-30,0.286714900568001,2189,"Sol Plaatjie","NC091",8,2020,36,TRUE,FALSE,FALSE
198,2020-09-06,0.259922915728661,2169,"Sol Plaatjie","NC091",8,2020,37,TRUE,FALSE,FALSE
198,2020-09-13,0.269300354534484,2274,"Sol Plaatjie","NC091",8,2020,38,TRUE,FALSE,FALSE
198,2020-09-20,0.2447803254922,1822,"Sol Plaatjie","NC091",8,2020,39,TRUE,FALSE,FALSE
198,2020-09-27,0.212199834608794,2159,"Sol Plaatjie","NC091",8,2020,40,TRUE,FALSE,FALSE
198,2020-10-04,0.230130728883033,2187,"Sol Plaatjie","NC091",8,2020,41,TRUE,FALSE,FALSE
198,2020-10-11,0.223992197158726,2157,"Sol Plaatjie","NC091",8,2020,42,TRUE,FALSE,FALSE
198,2020-10-18,0.168291287890459,1855,"Sol Plaatjie","NC091",8,2020,43,TRUE,FALSE,FALSE
198,2020-10-25,0.128303407835812,1558,"Sol Plaatjie","NC091",8,2020,44,TRUE,FALSE,FALSE
198,2020-11-01,0.0886535280574976,1424,"Sol Plaatjie","NC091",8,2020,45,FALSE,FALSE,FALSE
198,2020-11-08,0.0906134147804845,1367,"Sol Plaatjie","NC091",8,2020,46,FALSE,FALSE,TRUE
198,2020-11-15,0.0570830331367616,1132,"Sol Plaatjie","NC091",8,2020,47,FALSE,FALSE,TRUE
198,2020-11-22,0.0533189066491652,1298,"Sol Plaatjie","NC091",8,2020,48,FALSE,FALSE,TRUE
198,2020-11-29,0.0694311892309833,1405,"Sol Plaatjie","NC091",8,2020,49,FALSE,FALSE,TRUE
198,2020-12-06,0.049682673210916,1469,"Sol Plaatjie","NC091",8,2020,50,FALSE,FALSE,TRUE
198,2020-12-13,0.0829955161927057,1507,"Sol Plaatjie","NC091",8,2020,51,FALSE,FALSE,TRUE
198,2020-12-20,0.160767303930465,1142,"Sol Plaatjie","NC091",8,2020,52,TRUE,TRUE,FALSE
198,2020-12-27,0.189225261626633,1470,"Sol Plaatjie","NC091",8,2020,53,TRUE,FALSE,FALSE
198,2021-01-03,0.21251484190524,2354,"Sol Plaatjie","NC091",8,2021,1,TRUE,FALSE,FALSE
198,2021-01-10,0.191600149022416,2513,"Sol Plaatjie","NC091",8,2021,2,TRUE,FALSE,FALSE
198,2021-01-17,0.146340633381452,2278,"Sol Plaatjie","NC091",8,2021,3,TRUE,FALSE,FALSE
198,2021-01-24,0.122065929081223,1968,"Sol Plaatjie","NC091",8,2021,4,TRUE,FALSE,FALSE
198,2021-01-31,0.122606216623003,1652,"Sol Plaatjie","NC091",8,2021,5,TRUE,FALSE,FALSE
198,2021-02-07,0.0918543415917969,1782,"Sol Plaatjie","NC091",8,2021,6,FALSE,FALSE,FALSE
198,2021-02-14,0.0807895379764821,1753,"Sol Plaatjie","NC091",8,2021,7,FALSE,FALSE,TRUE
198,2021-02-21,0.093633604218618,1739,"Sol Plaatjie","NC091",8,2021,8,FALSE,FALSE,TRUE
198,2021-02-28,0.0628748090145182,1878,"Sol Plaatjie","NC091",8,2021,9,FALSE,FALSE,TRUE
198,2021-03-07,0.0576874692310673,1894,"Sol Plaatjie","NC091",8,2021,10,FALSE,FALSE,TRUE
198,2021-03-14,0.0914798323907467,1749,"Sol Plaatjie","NC091",8,2021,11,FALSE,FALSE,TRUE
198,2021-03-21,0.0786518265781345,1520,"Sol Plaatjie","NC091",8,2021,12,FALSE,FALSE,TRUE
198,2021-03-28,0.113477168165292,1537,"Sol Plaatjie","NC091",8,2021,13,TRUE,TRUE,FALSE
198,2021-04-04,0.119303438543788,1887,"Sol Plaatjie","NC091",8,2021,14,TRUE,FALSE,FALSE
198,2021-04-11,0.173048793399825,2494,"Sol Plaatjie","NC091",8,2021,15,TRUE,FALSE,FALSE
198,2021-04-18,0.232167361215755,2664,"Sol Plaatjie","NC091",8,2021,16,TRUE,FALSE,FALSE
198,2021-04-25,0.243730617116971,2234,"Sol Plaatjie","NC091",8,2021,17,TRUE,FALSE,FALSE
198,2021-05-02,0.30465301311989,3210,"Sol Plaatjie","NC091",8,2021,18,TRUE,FALSE,FALSE
198,2021-05-09,0.277009220953111,4238,"Sol Plaatjie","NC091",8,2021,19,TRUE,FALSE,FALSE
198,2021-05-16,0.282145946972284,4760,"Sol Plaatjie","NC091",8,2021,20,TRUE,FALSE,FALSE
198,2021-05-23,0.26044868591048,4561,"Sol Plaatjie","NC091",8,2021,21,TRUE,FALSE,FALSE
198,2021-05-30,0.251048984327047,3613,"Sol Plaatjie","NC091",8,2021,22,TRUE,FALSE,FALSE
198,2021-06-06,0.254812825421408,3147,"Sol Plaatjie","NC091",8,2021,23,TRUE,FALSE,FALSE
198,2021-06-13,0.225762807348862,2650,"Sol Plaatjie","NC091",8,2021,24,TRUE,FALSE,FALSE
198,2021-06-20,0.183414483271411,2704,"Sol Plaatjie","NC091",8,2021,25,TRUE,FALSE,FALSE
198,2021-06-27,0.194869961720358,2605,"Sol Plaatjie","NC091",8,2021,26,TRUE,FALSE,FALSE
198,2021-07-04,0.18733102519739,2357,"Sol Plaatjie","NC091",8,2021,27,TRUE,FALSE,FALSE
198,2021-07-11,0.207567233316707,2142,"Sol Plaatjie","NC091",8,2021,28,TRUE,FALSE,FALSE
198,2021-07-18,0.219981588465749,1904,"Sol Plaatjie","NC091",8,2021,29,TRUE,FALSE,FALSE
198,2021-07-25,0.217094231595825,2070,"Sol Plaatjie","NC091",8,2021,30,TRUE,FALSE,FALSE
198,2021-08-01,0.197225620209689,2378,"Sol Plaatjie","NC091",8,2021,31,TRUE,FALSE,FALSE
198,2021-08-08,0.208255322389803,2455,"Sol Plaatjie","NC091",8,2021,32,TRUE,FALSE,FALSE
198,2021-08-15,0.219212891643251,2669,"Sol Plaatjie","NC091",8,2021,33,TRUE,FALSE,FALSE
198,2021-08-22,0.222370261190148,2724,"Sol Plaatjie","NC091",8,2021,34,TRUE,FALSE,FALSE
198,2021-08-29,0.188401682475411,2863,"Sol Plaatjie","NC091",8,2021,35,TRUE,FALSE,FALSE
198,2021-09-05,0.187074208447402,2601,"Sol Plaatjie","NC091",8,2021,36,TRUE,FALSE,FALSE
198,2021-09-12,0.179353561986877,2527,"Sol Plaatjie","NC091",8,2021,37,TRUE,FALSE,FALSE
198,2021-09-19,0.162088480388429,2180,"Sol Plaatjie","NC091",8,2021,38,TRUE,FALSE,FALSE
198,2021-09-26,0.11294932215259,2015,"Sol Plaatjie","NC091",8,2021,39,TRUE,FALSE,FALSE
198,2021-10-03,0.0814989201667956,1863,"Sol Plaatjie","NC091",8,2021,40,FALSE,FALSE,FALSE
198,2021-10-10,0.0642927734964092,1816,"Sol Plaatjie","NC091",8,2021,41,FALSE,FALSE,FALSE
198,2021-10-17,0.0444213246175909,2093,"Sol Plaatjie","NC091",8,2021,42,FALSE,FALSE,TRUE
198,2021-10-24,0.0395680257925704,1819,"Sol Plaatjie","NC091",8,2021,43,FALSE,FALSE,TRUE
198,2021-10-31,0.0204811454538261,1989,"Sol Plaatjie","NC091",8,2021,44,FALSE,FALSE,TRUE
198,2021-11-07,0.0230698078293507,2129,"Sol Plaatjie","NC091",8,2021,45,FALSE,FALSE,TRUE
198,2021-11-14,0.013821959065358,1780,"Sol Plaatjie","NC091",8,2021,46,FALSE,FALSE,TRUE
198,2021-11-21,0.0328868984160262,1594,"Sol Plaatjie","NC091",8,2021,47,FALSE,FALSE,TRUE
198,2021-11-28,0.141477573088145,1972,"Sol Plaatjie","NC091",8,2021,48,TRUE,TRUE,FALSE
198,2021-12-05,0.362479958960174,3341,"Sol Plaatjie","NC091",8,2021,49,TRUE,FALSE,FALSE
198,2021-12-12,0.489953675643173,4318,"Sol Plaatjie","NC091",8,2021,50,TRUE,FALSE,FALSE
198,2021-12-19,0.471505316054597,2771,"Sol Plaatjie","NC091",8,2021,51,TRUE,FALSE,FALSE
198,2021-12-26,0.367429481589625,1747,"Sol Plaatjie","NC091",8,2021,52,TRUE,FALSE,FALSE
198,2022-01-02,0.28555236642609,2420,"Sol Plaatjie","NC091",8,2022,1,TRUE,FALSE,FALSE
198,2022-01-09,0.161608221867724,2147,"Sol Plaatjie","NC091",8,2022,2,TRUE,FALSE,NA
198,2022-01-16,0.0944893602242978,1741,"Sol Plaatjie","NC091",8,2022,3,FALSE,FALSE,NA
198,2022-01-23,0.0736667191240166,1701,"Sol Plaatjie","NC091",8,2022,4,FALSE,FALSE,NA
198,2022-01-30,0.0702772594825368,1629,"Sol Plaatjie","NC091",8,2022,5,FALSE,FALSE,NA
161,2020-03-15,0.0407887332216197,119,"Rustenburg","NW373",7,2020,12,FALSE,FALSE,NA
161,2020-03-22,0.0159527777769614,116,"Rustenburg","NW373",7,2020,13,FALSE,FALSE,NA
161,2020-03-29,NA,NA,"Rustenburg","NW373",7,2020,14,NA,NA,NA
161,2020-04-05,0.0196269871850409,203,"Rustenburg","NW373",7,2020,15,FALSE,NA,FALSE
161,2020-04-12,0.00983002360995013,292,"Rustenburg","NW373",7,2020,16,FALSE,FALSE,FALSE
161,2020-04-19,0.0103904874325722,384,"Rustenburg","NW373",7,2020,17,FALSE,FALSE,FALSE
161,2020-04-26,0.00590231294482837,336,"Rustenburg","NW373",7,2020,18,FALSE,FALSE,TRUE
161,2020-05-03,0.00733834446982545,815,"Rustenburg","NW373",7,2020,19,FALSE,FALSE,TRUE
161,2020-05-10,0.00679169909358857,1022,"Rustenburg","NW373",7,2020,20,FALSE,FALSE,TRUE
161,2020-05-17,0.0100165627235792,1298,"Rustenburg","NW373",7,2020,21,FALSE,FALSE,TRUE
161,2020-05-24,0.0257669785569764,1277,"Rustenburg","NW373",7,2020,22,FALSE,FALSE,TRUE
161,2020-05-31,0.0761425698581389,2194,"Rustenburg","NW373",7,2020,23,FALSE,FALSE,TRUE
161,2020-06-07,0.133614426906771,2810,"Rustenburg","NW373",7,2020,24,TRUE,TRUE,FALSE
161,2020-06-14,0.188206852836464,2894,"Rustenburg","NW373",7,2020,25,TRUE,FALSE,FALSE
161,2020-06-21,0.270053959865865,3791,"Rustenburg","NW373",7,2020,26,TRUE,FALSE,FALSE
161,2020-06-28,0.340435339314507,4510,"Rustenburg","NW373",7,2020,27,TRUE,FALSE,FALSE
161,2020-07-05,0.387253807566475,5118,"Rustenburg","NW373",7,2020,28,TRUE,FALSE,FALSE
161,2020-07-12,0.37135220486162,4112,"Rustenburg","NW373",7,2020,29,TRUE,FALSE,FALSE
161,2020-07-19,0.310980471087047,3427,"Rustenburg","NW373",7,2020,30,TRUE,FALSE,FALSE
161,2020-07-26,0.271370525052009,2660,"Rustenburg","NW373",7,2020,31,TRUE,FALSE,FALSE
161,2020-08-02,0.175872822920532,2213,"Rustenburg","NW373",7,2020,32,TRUE,FALSE,FALSE
161,2020-08-09,0.149024717601225,1996,"Rustenburg","NW373",7,2020,33,TRUE,FALSE,FALSE
161,2020-08-16,0.0944717962359048,2052,"Rustenburg","NW373",7,2020,34,FALSE,FALSE,FALSE
161,2020-08-23,0.067013998175847,1936,"Rustenburg","NW373",7,2020,35,FALSE,FALSE,FALSE
161,2020-08-30,0.0763014012456018,1846,"Rustenburg","NW373",7,2020,36,FALSE,FALSE,FALSE
161,2020-09-06,0.0711830979724339,1758,"Rustenburg","NW373",7,2020,37,FALSE,FALSE,FALSE
161,2020-09-13,0.0484752961669965,1778,"Rustenburg","NW373",7,2020,38,FALSE,FALSE,FALSE
161,2020-09-20,0.0637340312720836,1460,"Rustenburg","NW373",7,2020,39,FALSE,FALSE,FALSE
161,2020-09-27,0.0702039556658906,1911,"Rustenburg","NW373",7,2020,40,FALSE,FALSE,FALSE
161,2020-10-04,0.056048109387469,1870,"Rustenburg","NW373",7,2020,41,FALSE,FALSE,FALSE
161,2020-10-11,0.0541437581076125,2056,"Rustenburg","NW373",7,2020,42,FALSE,FALSE,FALSE
161,2020-10-18,0.0532677791219204,2113,"Rustenburg","NW373",7,2020,43,FALSE,FALSE,FALSE
161,2020-10-25,0.0437421549760574,2071,"Rustenburg","NW373",7,2020,44,FALSE,FALSE,TRUE
161,2020-11-01,0.0358867808108413,1844,"Rustenburg","NW373",7,2020,45,FALSE,FALSE,TRUE
161,2020-11-08,0.0369850870891351,2020,"Rustenburg","NW373",7,2020,46,FALSE,FALSE,TRUE
161,2020-11-15,0.0445805355494086,1876,"Rustenburg","NW373",7,2020,47,FALSE,FALSE,TRUE
161,2020-11-22,0.018925323483397,1853,"Rustenburg","NW373",7,2020,48,FALSE,FALSE,TRUE
161,2020-11-29,0.0410943986376828,1985,"Rustenburg","NW373",7,2020,49,FALSE,FALSE,TRUE
161,2020-12-06,0.108574604063724,2273,"Rustenburg","NW373",7,2020,50,TRUE,TRUE,FALSE
161,2020-12-13,0.16871831702345,2173,"Rustenburg","NW373",7,2020,51,TRUE,FALSE,FALSE
161,2020-12-20,0.230807815212534,3005,"Rustenburg","NW373",7,2020,52,TRUE,FALSE,FALSE
161,2020-12-27,0.446067365896928,3179,"Rustenburg","NW373",7,2020,53,TRUE,FALSE,FALSE
161,2021-01-03,0.439435685847427,4303,"Rustenburg","NW373",7,2021,1,TRUE,FALSE,FALSE
161,2021-01-10,0.27888765498198,4523,"Rustenburg","NW373",7,2021,2,TRUE,FALSE,FALSE
161,2021-01-17,0.230017402120941,3692,"Rustenburg","NW373",7,2021,3,TRUE,FALSE,FALSE
161,2021-01-24,0.173276367681011,2887,"Rustenburg","NW373",7,2021,4,TRUE,FALSE,FALSE
161,2021-01-31,0.129340810977876,2288,"Rustenburg","NW373",7,2021,5,TRUE,FALSE,FALSE
161,2021-02-07,0.114832161160793,2168,"Rustenburg","NW373",7,2021,6,TRUE,FALSE,FALSE
161,2021-02-14,0.0918327256238323,2328,"Rustenburg","NW373",7,2021,7,FALSE,FALSE,FALSE
161,2021-02-21,0.0602808181132719,2508,"Rustenburg","NW373",7,2021,8,FALSE,FALSE,FALSE
161,2021-02-28,0.0536588237242247,2259,"Rustenburg","NW373",7,2021,9,FALSE,FALSE,FALSE
161,2021-03-07,0.0545235008107051,2235,"Rustenburg","NW373",7,2021,10,FALSE,FALSE,FALSE
161,2021-03-14,0.0580361928533466,2010,"Rustenburg","NW373",7,2021,11,FALSE,FALSE,FALSE
161,2021-03-21,0.0474972960240064,2125,"Rustenburg","NW373",7,2021,12,FALSE,FALSE,FALSE
161,2021-03-28,0.0324635893637018,2688,"Rustenburg","NW373",7,2021,13,FALSE,FALSE,FALSE
161,2021-04-04,0.0702925017878248,1950,"Rustenburg","NW373",7,2021,14,FALSE,FALSE,TRUE
161,2021-04-11,0.0441666303029562,2027,"Rustenburg","NW373",7,2021,15,FALSE,FALSE,TRUE
161,2021-04-18,0.0426560079624865,2091,"Rustenburg","NW373",7,2021,16,FALSE,FALSE,TRUE
161,2021-04-25,0.0478941759263105,1712,"Rustenburg","NW373",7,2021,17,FALSE,FALSE,TRUE
161,2021-05-02,0.0654790007871451,2257,"Rustenburg","NW373",7,2021,18,FALSE,FALSE,TRUE
161,2021-05-09,0.0914500764012353,2347,"Rustenburg","NW373",7,2021,19,FALSE,FALSE,TRUE
161,2021-05-16,0.128987389204414,2750,"Rustenburg","NW373",7,2021,20,TRUE,TRUE,FALSE
161,2021-05-23,0.125382836879945,2938,"Rustenburg","NW373",7,2021,21,TRUE,FALSE,FALSE
161,2021-05-30,0.169692919403486,3530,"Rustenburg","NW373",7,2021,22,TRUE,FALSE,FALSE
161,2021-06-06,0.234404074241748,3940,"Rustenburg","NW373",7,2021,23,TRUE,FALSE,FALSE
161,2021-06-13,0.316847426577738,5116,"Rustenburg","NW373",7,2021,24,TRUE,FALSE,FALSE
161,2021-06-20,0.35754116977301,6755,"Rustenburg","NW373",7,2021,25,TRUE,FALSE,FALSE
161,2021-06-27,0.405386943055372,7902,"Rustenburg","NW373",7,2021,26,TRUE,FALSE,FALSE
161,2021-07-04,0.464219279154086,8175,"Rustenburg","NW373",7,2021,27,TRUE,FALSE,FALSE
161,2021-07-11,0.422355950693631,6186,"Rustenburg","NW373",7,2021,28,TRUE,FALSE,FALSE
161,2021-07-18,0.381102497900493,5126,"Rustenburg","NW373",7,2021,29,TRUE,FALSE,FALSE
161,2021-07-25,0.255823604283875,4198,"Rustenburg","NW373",7,2021,30,TRUE,FALSE,FALSE
161,2021-08-01,0.219042262487187,3952,"Rustenburg","NW373",7,2021,31,TRUE,FALSE,FALSE
161,2021-08-08,0.167159536267062,3330,"Rustenburg","NW373",7,2021,32,TRUE,FALSE,FALSE
161,2021-08-15,0.142103022185114,3325,"Rustenburg","NW373",7,2021,33,TRUE,FALSE,FALSE
161,2021-08-22,0.0953263377394546,3141,"Rustenburg","NW373",7,2021,34,FALSE,FALSE,FALSE
161,2021-08-29,0.0936150680229559,2959,"Rustenburg","NW373",7,2021,35,FALSE,FALSE,FALSE
161,2021-09-05,0.0626615839885686,2784,"Rustenburg","NW373",7,2021,36,FALSE,FALSE,FALSE
161,2021-09-12,0.0355301400763827,2630,"Rustenburg","NW373",7,2021,37,FALSE,FALSE,FALSE
161,2021-09-19,0.0215524394487613,2381,"Rustenburg","NW373",7,2021,38,FALSE,FALSE,FALSE
161,2021-09-26,0.0194674695328796,2445,"Rustenburg","NW373",7,2021,39,FALSE,FALSE,FALSE
161,2021-10-03,0.0224541202960083,2254,"Rustenburg","NW373",7,2021,40,FALSE,FALSE,FALSE
161,2021-10-10,0.014764895075149,2365,"Rustenburg","NW373",7,2021,41,FALSE,FALSE,FALSE
161,2021-10-17,0.00987773089791992,2597,"Rustenburg","NW373",7,2021,42,FALSE,FALSE,TRUE
161,2021-10-24,0.00350911961906069,2512,"Rustenburg","NW373",7,2021,43,FALSE,FALSE,TRUE
161,2021-10-31,0.00742858009788937,2366,"Rustenburg","NW373",7,2021,44,FALSE,FALSE,TRUE
161,2021-11-07,0.00399018456292282,2415,"Rustenburg","NW373",7,2021,45,FALSE,FALSE,TRUE
161,2021-11-14,0.012754839406087,2114,"Rustenburg","NW373",7,2021,46,FALSE,FALSE,TRUE
161,2021-11-21,0.0559648679718072,2133,"Rustenburg","NW373",7,2021,47,FALSE,FALSE,TRUE
161,2021-11-28,0.315498035355487,3466,"Rustenburg","NW373",7,2021,48,TRUE,TRUE,FALSE
161,2021-12-05,0.484970643568421,5759,"Rustenburg","NW373",7,2021,49,TRUE,FALSE,FALSE
161,2021-12-12,0.438165146562337,4414,"Rustenburg","NW373",7,2021,50,TRUE,FALSE,FALSE
161,2021-12-19,0.303640680942116,4156,"Rustenburg","NW373",7,2021,51,TRUE,FALSE,FALSE
161,2021-12-26,0.297734833405985,1523,"Rustenburg","NW373",7,2021,52,TRUE,FALSE,NA
161,2022-01-02,0.199360043964075,2186,"Rustenburg","NW373",7,2022,1,TRUE,FALSE,NA
161,2022-01-09,0.104208113911381,2164,"Rustenburg","NW373",7,2022,2,TRUE,FALSE,NA
161,2022-01-16,0.111355404660877,2069,"Rustenburg","NW373",7,2022,3,TRUE,FALSE,NA
161,2022-01-23,0.159685633618765,2402,"Rustenburg","NW373",7,2022,4,TRUE,FALSE,NA
161,2022-01-30,0.167037881904451,2203,"Rustenburg","NW373",7,2022,5,TRUE,FALSE,NA
